ZIPCODE,SCORE,CRITICAL FLAG,ACTION,CUISINE DESCRIPTION_Afghan,CUISINE DESCRIPTION_African,CUISINE DESCRIPTION_American,CUISINE DESCRIPTION_Armenian,CUISINE DESCRIPTION_Asian/Asian Fusion,CUISINE DESCRIPTION_Australian,CUISINE DESCRIPTION_Bagels/Pretzels,CUISINE DESCRIPTION_Bakery Products/Desserts,CUISINE DESCRIPTION_Bangladeshi,CUISINE DESCRIPTION_Barbecue,CUISINE DESCRIPTION_Bottled Beverages,CUISINE DESCRIPTION_Brazilian,CUISINE DESCRIPTION_Cajun,CUISINE DESCRIPTION_Californian,CUISINE DESCRIPTION_Caribbean,CUISINE DESCRIPTION_Chicken,CUISINE DESCRIPTION_Chilean,CUISINE DESCRIPTION_Chinese,CUISINE DESCRIPTION_Chinese/Cuban,CUISINE DESCRIPTION_Chinese/Japanese,CUISINE DESCRIPTION_Coffee/Tea,CUISINE DESCRIPTION_Continental,CUISINE DESCRIPTION_Creole,CUISINE DESCRIPTION_Creole/Cajun,CUISINE DESCRIPTION_Czech,CUISINE DESCRIPTION_Donuts,CUISINE DESCRIPTION_Eastern European,CUISINE DESCRIPTION_Egyptian,CUISINE DESCRIPTION_English,CUISINE DESCRIPTION_Ethiopian,CUISINE DESCRIPTION_Filipino,CUISINE DESCRIPTION_French,CUISINE DESCRIPTION_Frozen Desserts,CUISINE DESCRIPTION_Fruits/Vegetables,CUISINE DESCRIPTION_Fusion,CUISINE DESCRIPTION_German,CUISINE DESCRIPTION_Greek,CUISINE DESCRIPTION_Hamburgers,CUISINE DESCRIPTION_Hawaiian,CUISINE DESCRIPTION_Hotdogs,CUISINE DESCRIPTION_Hotdogs/Pretzels,CUISINE DESCRIPTION_Indian,CUISINE DESCRIPTION_Indonesian,CUISINE DESCRIPTION_Iranian,CUISINE DESCRIPTION_Irish,CUISINE DESCRIPTION_Italian,CUISINE DESCRIPTION_Japanese,CUISINE DESCRIPTION_Jewish/Kosher,"CUISINE DESCRIPTION_Juice, Smoothies, Fruit Salads",CUISINE DESCRIPTION_Korean,CUISINE DESCRIPTION_Latin American,CUISINE DESCRIPTION_Lebanese,CUISINE DESCRIPTION_Mediterranean,CUISINE DESCRIPTION_Mexican,CUISINE DESCRIPTION_Middle Eastern,CUISINE DESCRIPTION_Moroccan,CUISINE DESCRIPTION_New American,CUISINE DESCRIPTION_New French,CUISINE DESCRIPTION_Not Listed/Not Applicable,CUISINE DESCRIPTION_Nuts/Confectionary,CUISINE DESCRIPTION_Other,CUISINE DESCRIPTION_Pakistani,CUISINE DESCRIPTION_Pancakes/Waffles,CUISINE DESCRIPTION_Peruvian,CUISINE DESCRIPTION_Pizza,CUISINE DESCRIPTION_Polish,CUISINE DESCRIPTION_Portuguese,CUISINE DESCRIPTION_Russian,CUISINE DESCRIPTION_Salads,CUISINE DESCRIPTION_Sandwiches,CUISINE DESCRIPTION_Sandwiches/Salads/Mixed Buffet,CUISINE DESCRIPTION_Scandinavian,CUISINE DESCRIPTION_Seafood,CUISINE DESCRIPTION_Soul Food,CUISINE DESCRIPTION_Soups,CUISINE DESCRIPTION_Soups/Salads/Sandwiches,CUISINE DESCRIPTION_Southeast Asian,CUISINE DESCRIPTION_Spanish,CUISINE DESCRIPTION_Steakhouse,CUISINE DESCRIPTION_Tapas,CUISINE DESCRIPTION_Tex-Mex,CUISINE DESCRIPTION_Thai,CUISINE DESCRIPTION_Turkish,CUISINE DESCRIPTION_Vegan,CUISINE DESCRIPTION_Vegetarian,AVG SCORE,AVG FLAGS
10001.0,3631.5,447.3333333333333,0.0,0,1,105,0,6,2,3,4,0,0,4,0,0,1,0,5,0,9,1,0,41,1,0,0,0,8,0,0,0,0,0,3,3,0,1,0,1,7,0,0,1,2,0,0,10,7,9,0,2,40,2,1,7,2,0,0,1,0,0,0,7,0,0,1,11,0,0,0,4,15,5,0,1,0,1,3,0,7,2,1,4,1,0,1,2,10.200842696629213,1.2565543071161047
10002.0,3275.5,396.5,0.0,0,0,61,1,9,2,1,25,0,1,3,0,0,0,2,5,0,38,0,1,27,0,0,1,0,3,2,0,0,0,1,10,6,0,0,0,1,2,0,0,0,2,0,0,0,9,16,0,5,5,5,0,1,9,1,0,1,0,1,0,3,0,0,0,18,0,1,0,0,4,1,0,3,0,1,1,2,5,0,1,2,4,1,2,3,10.60032362459547,1.2831715210355987
10003.0,4332.5,487.0,0.0,0,0,94,0,11,1,3,6,0,1,5,0,0,0,0,5,0,17,0,0,54,0,0,0,0,6,1,0,0,1,0,6,6,0,0,0,1,4,1,0,1,6,0,0,6,21,25,2,8,1,2,0,7,11,3,0,1,0,0,1,5,0,0,0,13,2,0,0,6,5,4,1,5,0,0,3,2,2,1,1,5,3,0,3,4,11.31201044386423,1.2715404699738904
10004.0,886.5,93.5,0.0,0,0,30,0,3,0,2,1,0,0,0,0,0,0,0,0,0,2,0,0,10,1,0,0,0,3,0,0,0,0,0,0,0,0,0,0,0,1,1,0,1,1,0,0,0,6,2,1,3,0,1,0,1,3,0,0,0,0,0,0,1,0,0,0,5,0,0,0,2,5,2,0,2,0,0,0,0,0,0,0,3,0,0,0,0,9.53225806451613,1.0053763440860215
10005.0,541.0,56.5,0.0,0,0,16,0,0,0,0,0,0,0,0,0,0,0,0,0,0,1,0,0,8,0,0,0,0,1,0,0,0,0,0,0,0,0,0,0,2,0,1,0,0,0,0,0,2,0,0,1,2,0,0,0,2,0,0,0,0,0,0,0,0,0,0,0,2,0,0,1,1,0,2,0,0,0,0,0,0,0,0,0,0,0,0,0,0,12.880952380952381,1.3452380952380953
10006.0,354.0,42.0,0.0,0,0,12,0,1,0,0,0,0,0,0,0,0,0,0,0,0,1,0,0,6,0,0,0,0,2,1,0,0,0,0,0,0,0,0,0,0,2,0,0,0,1,0,0,1,1,0,1,0,1,0,0,1,1,0,0,0,0,0,0,0,0,0,0,3,0,0,0,1,0,0,0,0,0,0,0,0,0,0,0,0,0,0,0,0,9.833333333333334,1.1666666666666667
10007.0,1084.0,122.5,0.0,0,0,26,0,2,0,1,2,1,0,0,0,0,0,0,1,0,1,0,0,16,0,0,0,0,5,0,0,0,0,0,2,0,0,2,0,0,3,1,0,0,3,0,0,0,2,5,0,4,1,0,0,2,0,0,0,0,0,0,0,0,0,0,0,4,0,0,0,3,4,0,0,0,0,0,3,0,0,2,0,4,0,0,0,0,10.84,1.225
10009.0,2066.5,237.0,0.0,0,0,50,0,5,0,3,3,0,0,5,0,0,0,1,2,0,7,0,1,18,1,0,0,0,3,1,0,0,1,1,3,3,0,0,0,1,2,0,1,0,2,0,0,2,10,7,0,2,2,2,0,2,2,2,1,0,0,0,0,3,0,0,1,14,0,1,1,0,3,1,1,1,1,0,0,2,2,0,1,2,4,0,2,3,10.933862433862434,1.253968253968254
10010.0,1654.5,193.5,0.0,0,0,38,0,2,0,4,5,0,0,0,0,0,0,0,8,0,4,0,0,19,0,0,0,0,1,1,0,0,0,1,2,2,0,0,0,1,4,0,0,0,4,0,0,2,6,5,0,3,1,1,0,4,5,0,0,0,0,0,0,3,0,0,0,8,0,0,0,2,2,1,0,1,0,0,1,1,1,1,1,5,2,0,2,1,10.674193548387096,1.2483870967741935
10011.0,3155.0,350.5,0.0,0,0,65,0,8,0,2,7,0,1,3,0,0,0,2,2,0,7,0,0,32,1,0,0,0,6,0,0,1,0,0,7,3,0,0,1,1,4,0,0,1,0,0,0,3,25,14,2,7,2,1,0,4,7,3,0,0,0,0,0,3,0,0,0,15,0,0,0,1,4,1,0,4,0,0,0,1,3,0,1,6,5,1,1,0,11.772388059701493,1.3078358208955223
10012.0,2674.5,321.5,0.0,0,0,54,0,5,2,1,10,0,0,3,1,0,0,0,1,0,3,0,0,41,0,0,0,0,1,1,0,1,0,0,6,10,0,1,0,0,0,0,1,0,3,0,0,2,25,12,1,8,1,1,0,8,4,1,1,0,0,1,1,4,0,0,0,10,0,0,0,1,3,1,0,2,0,0,0,1,1,0,1,4,2,2,2,4,10.740963855421686,1.2911646586345382
10013.0,3936.0,497.5,0.0,0,0,57,0,7,2,0,23,0,1,1,0,0,0,0,2,0,51,0,0,52,1,1,0,0,3,0,0,0,0,0,6,4,0,0,0,3,1,0,0,0,2,0,0,0,35,13,0,4,2,3,0,7,7,2,0,0,0,0,1,3,0,0,1,7,0,0,0,3,5,0,0,2,0,0,1,7,3,1,0,1,4,1,2,5,11.679525222551929,1.4762611275964392
10014.0,2548.0,315.5,0.0,0,1,73,0,0,2,1,7,0,1,4,1,0,0,0,2,0,3,0,0,22,1,0,0,0,1,0,1,1,0,1,9,1,0,0,0,2,1,1,1,0,1,0,0,1,20,12,0,3,3,2,0,4,4,0,0,0,0,0,0,4,0,0,1,14,0,0,1,2,1,0,0,4,0,1,0,0,0,0,1,7,1,0,0,2,11.274336283185841,1.3960176991150441
10016.0,2630.5,330.5,0.0,0,0,45,0,1,2,3,6,0,1,2,0,0,0,0,2,0,11,0,0,26,0,0,0,0,5,0,0,1,0,0,1,5,0,1,0,2,6,0,0,0,8,0,1,5,11,13,5,4,9,1,0,3,6,1,0,0,0,0,0,2,2,0,1,12,0,0,0,4,4,0,1,0,0,0,3,0,2,2,0,2,7,3,2,1,11.193617021276596,1.4063829787234043
10017.0,2316.5,267.5,0.0,0,2,67,0,9,0,1,4,0,0,0,1,0,0,0,2,0,1,0,0,34,2,0,0,0,7,0,0,0,0,0,2,0,0,0,1,1,4,1,1,0,2,0,0,1,10,11,3,2,0,0,0,2,3,0,0,1,0,0,0,3,0,0,0,11,0,0,0,4,10,5,0,3,0,0,5,0,1,5,0,2,1,1,1,0,10.204845814977974,1.1784140969162995
10018.0,2872.0,314.0,0.0,1,0,67,0,2,1,1,15,0,1,0,0,0,0,0,4,0,8,0,0,26,0,0,0,0,10,1,0,0,0,0,3,1,1,1,1,2,5,2,0,0,3,0,0,5,8,7,4,3,4,3,0,1,6,1,0,0,0,0,0,6,0,0,0,15,0,1,0,4,7,4,0,1,0,0,5,0,1,3,1,5,3,0,2,0,11.21875,1.2265625
10019.0,3999.5,490.0,0.0,1,0,137,0,3,0,1,6,0,0,1,2,0,0,0,3,0,8,0,2,34,0,0,0,0,6,2,0,0,0,0,9,3,0,0,0,5,4,2,0,0,6,1,0,9,23,24,1,5,4,5,0,6,14,0,0,0,0,0,0,7,0,0,1,15,0,0,3,5,7,4,0,3,0,1,8,1,2,4,0,6,7,2,0,2,9.875308641975309,1.2098765432098766
10020.0,174.0,18.0,0.0,0,0,4,0,12,0,0,1,0,0,0,0,0,0,0,0,0,0,0,0,2,1,0,0,0,1,0,0,0,0,0,0,1,0,0,0,0,0,0,0,0,0,0,0,0,0,0,0,0,0,0,0,1,0,0,0,0,0,0,0,2,0,0,0,0,0,0,0,0,0,1,0,0,0,0,0,0,0,1,0,0,0,0,0,0,6.444444444444445,0.6666666666666666
10021.0,1020.0,122.0,0.0,1,0,25,0,0,0,1,3,0,1,0,0,0,0,0,0,0,3,0,0,15,0,0,0,0,1,0,0,0,0,1,4,1,0,0,0,1,1,0,0,0,1,0,0,1,10,6,1,2,0,0,0,1,1,0,0,0,0,0,0,0,0,0,0,2,0,0,0,2,3,0,0,1,0,0,1,1,0,0,0,2,2,1,0,0,10.625,1.2708333333333333
10022.0,2619.0,319.0,0.0,0,1,83,0,5,0,2,4,0,0,0,0,0,0,0,3,0,7,0,0,25,2,0,0,0,6,0,0,0,0,0,10,2,0,0,0,5,2,1,0,0,3,0,0,3,19,17,3,5,1,1,0,5,4,2,0,0,0,0,0,2,1,0,0,8,0,0,0,5,5,2,0,4,0,0,2,1,1,4,0,4,3,0,0,0,9.958174904942966,1.2129277566539924
10023.0,1258.0,151.0,0.0,0,0,25,0,1,0,1,6,0,0,0,0,0,0,0,0,0,7,1,0,17,0,0,0,0,1,0,0,0,0,0,8,5,0,0,0,0,1,0,0,0,2,0,0,1,8,4,1,4,0,0,0,7,2,1,0,1,0,0,0,1,0,0,0,7,0,0,0,2,1,0,0,0,0,1,1,1,0,0,0,1,0,0,0,0,10.571428571428571,1.26890756302521
10024.0,1371.0,165.0,0.0,0,0,18,0,2,1,2,4,0,0,1,0,0,0,0,1,0,5,0,2,13,0,0,0,0,2,1,0,0,0,0,7,2,0,0,0,0,2,0,0,0,2,0,0,2,10,3,6,3,0,2,0,3,2,0,0,1,0,0,0,0,0,0,0,8,0,0,0,0,3,1,0,1,0,0,0,0,1,0,0,3,2,0,3,1,11.425,1.375
10025.0,1573.0,186.0,0.0,0,0,22,0,1,0,3,3,0,1,1,0,0,0,0,3,0,7,1,0,17,0,0,0,0,3,1,0,0,1,0,3,4,0,0,0,1,3,1,0,0,3,0,0,0,8,1,2,3,0,3,0,0,5,2,0,0,0,0,0,2,1,0,1,10,0,0,0,2,5,1,0,0,0,0,1,0,1,1,0,3,2,0,0,0,11.827067669172932,1.3984962406015038
10026.0,400.0,50.0,0.0,0,1,5,0,0,0,1,3,0,0,0,0,0,0,0,5,0,3,0,0,4,0,0,0,0,2,0,0,0,0,0,1,1,0,0,0,0,1,0,0,0,0,0,0,0,2,1,0,1,0,2,0,1,2,0,0,0,0,0,0,2,0,0,0,1,0,0,0,0,1,0,0,0,1,0,0,0,0,0,0,0,0,0,0,0,9.75609756097561,1.2195121951219512
10027.0,992.0,118.0,0.0,0,2,18,0,2,0,0,1,0,2,0,0,0,0,2,3,0,7,0,0,14,0,0,0,0,2,0,2,0,0,0,2,0,0,0,0,1,4,0,0,0,2,0,0,0,3,3,0,1,0,1,0,0,3,1,0,0,0,0,0,0,0,0,0,4,0,0,0,1,2,1,0,4,3,0,0,0,1,1,0,1,1,0,0,0,10.442105263157895,1.2421052631578948
10028.0,1391.0,172.0,0.0,0,0,23,0,1,0,3,5,0,0,0,0,0,0,0,2,0,4,0,1,15,0,0,0,0,4,0,0,0,0,0,5,5,0,0,1,0,2,0,1,0,2,0,0,4,12,4,5,2,0,1,0,2,1,2,0,1,0,0,0,0,0,0,0,5,0,0,0,2,4,1,0,1,0,1,0,0,0,0,0,3,3,1,0,0,10.782945736434108,1.3333333333333333
10029.0,1443.0,159.0,0.0,0,2,15,0,0,0,0,11,0,1,0,0,0,0,2,6,0,10,0,1,6,0,0,0,0,6,0,0,0,0,0,1,0,0,0,0,1,6,1,0,0,2,0,0,0,2,0,0,3,0,5,0,1,11,1,0,0,0,0,0,2,1,0,1,7,0,0,0,0,4,0,0,1,0,0,0,0,3,1,0,2,3,0,0,0,12.126050420168067,1.3361344537815125
10030.0,193.0,26.0,0.0,0,0,2,0,0,0,0,0,0,0,0,0,0,0,0,0,0,2,0,0,2,0,0,0,0,1,0,0,0,1,0,1,0,0,0,0,0,0,0,0,0,0,0,0,0,0,0,0,1,0,0,0,0,1,0,0,0,0,0,0,0,0,0,0,1,0,0,0,0,0,0,0,1,1,0,0,0,1,0,0,0,0,0,0,0,12.866666666666667,1.7333333333333334
10031.0,756.5,91.5,0.0,0,0,11,0,1,0,0,1,0,0,1,0,0,0,1,2,0,5,0,0,6,0,0,0,0,2,0,0,0,0,0,0,0,0,0,0,0,2,1,1,0,0,0,0,0,2,3,0,1,0,4,0,0,4,2,0,0,0,0,0,1,0,0,0,5,0,0,0,0,2,0,0,0,0,0,0,0,2,0,0,2,1,0,0,0,12.007936507936508,1.4523809523809523
10032.0,794.0,90.0,0.0,0,0,6,0,1,0,1,5,0,0,0,0,0,0,0,5,0,4,1,0,5,0,0,0,0,4,0,0,0,0,0,0,0,0,0,0,0,2,0,0,0,0,0,0,0,1,1,0,1,0,6,0,0,4,0,0,0,0,0,0,0,0,0,1,5,0,0,0,0,0,0,0,0,0,0,0,0,7,0,0,2,2,0,0,0,12.40625,1.40625
10033.0,902.0,117.5,0.0,0,0,7,0,0,0,0,4,0,0,0,0,0,0,0,4,0,5,0,0,5,0,0,0,0,3,0,0,0,0,0,0,1,0,0,0,0,1,0,0,0,0,0,0,0,0,1,4,5,0,8,0,0,0,0,0,0,0,0,0,0,0,1,0,8,0,0,0,0,1,0,0,1,0,0,0,0,9,0,0,0,1,0,0,0,13.072463768115941,1.7028985507246377
10034.0,652.5,80.5,0.0,0,0,4,0,0,0,0,3,0,0,0,0,0,0,1,1,0,1,1,0,4,0,0,0,0,1,0,0,0,0,0,0,0,0,0,0,1,2,0,0,0,1,0,0,0,0,1,0,1,0,17,0,0,3,0,0,0,0,0,0,2,0,0,0,3,0,0,0,0,0,0,0,2,0,0,0,0,2,0,0,0,2,0,0,0,12.31132075471698,1.5188679245283019
10035.0,638.0,69.0,0.0,0,1,6,0,0,0,1,1,0,0,0,0,0,0,3,3,0,6,0,0,5,0,0,0,0,3,0,0,0,0,0,0,0,0,0,0,0,3,0,0,0,1,0,0,0,1,1,0,1,0,2,0,0,3,0,0,0,0,0,0,0,0,0,0,1,0,0,0,0,0,0,0,2,0,0,0,0,1,0,0,1,2,0,0,0,13.291666666666666,1.4375
10036.0,3477.5,425.0,0.0,0,0,117,0,3,0,1,6,0,2,3,1,0,0,1,4,0,10,0,0,37,1,0,0,0,7,0,1,0,1,0,7,3,0,0,0,1,6,1,0,1,2,0,0,8,14,7,3,5,2,5,0,2,6,1,0,0,0,0,0,4,0,0,1,12,0,0,0,0,15,1,0,2,0,0,2,1,2,7,0,6,4,2,2,1,10.506042296072508,1.283987915407855
10037.0,149.0,17.0,0.0,0,0,2,0,0,0,0,0,0,1,0,0,0,0,1,2,0,2,0,0,0,0,0,0,0,1,0,0,0,0,0,0,0,0,0,0,0,0,0,0,0,0,0,0,0,0,0,0,0,0,0,0,0,0,0,0,0,0,0,0,0,0,0,0,1,0,0,0,0,1,0,0,1,0,0,0,0,1,0,0,0,0,0,0,0,11.461538461538462,1.3076923076923077
10038.0,1327.5,147.5,8.0,0,0,25,0,4,0,1,4,0,0,1,0,0,0,0,2,0,4,0,0,12,1,0,0,0,5,0,0,0,0,0,1,3,0,0,0,0,6,1,0,1,2,0,0,1,9,4,1,3,0,1,0,2,3,1,0,0,0,0,0,2,0,0,0,6,0,0,1,2,4,1,0,2,0,0,1,0,0,0,0,3,3,0,0,1,10.705645161290322,1.189516129032258
10039.0,234.66666666666666,30.833333333333332,0.0,0,0,0,0,0,0,0,0,0,0,0,0,0,0,1,5,0,1,0,0,2,0,0,0,0,1,0,0,0,0,0,0,0,0,0,0,0,2,0,0,0,1,0,0,0,0,0,0,1,0,0,0,0,1,0,0,0,0,0,0,0,0,0,0,3,0,0,0,0,1,0,0,0,0,0,0,0,0,0,0,0,0,0,0,0,12.350877192982455,1.6228070175438596
10040.0,554.0,68.0,0.0,0,0,5,0,0,0,0,4,0,0,0,0,0,0,0,3,0,1,1,0,2,0,0,0,0,2,0,0,0,0,0,0,0,0,0,0,0,3,0,0,0,1,0,0,0,0,0,0,3,0,8,0,0,2,0,0,0,0,0,0,1,0,0,0,2,0,0,0,0,1,0,0,1,0,0,0,0,4,0,0,1,0,0,0,0,12.311111111111112,1.511111111111111
10041.0,12.0,1.0,0.0,0,0,1,0,0,0,0,0,0,0,0,0,0,0,0,0,0,0,0,0,0,0,0,0,0,0,0,0,0,0,0,0,0,0,0,0,0,0,0,0,0,0,0,0,0,0,0,0,0,0,0,0,0,0,0,0,0,0,0,0,0,0,0,0,0,0,0,0,0,0,0,0,0,0,0,0,0,0,0,0,0,0,0,0,0,12.0,1.0
10044.0,96.0,10.0,0.0,0,0,2,0,0,0,0,0,0,0,0,0,0,0,0,0,0,2,0,0,1,0,0,0,0,0,0,0,0,0,0,0,0,0,0,0,0,0,0,0,0,0,0,0,0,0,1,0,0,0,0,0,0,1,1,0,0,0,0,0,0,0,0,0,0,0,0,0,0,1,0,0,0,0,0,0,0,0,0,0,0,0,0,0,0,10.666666666666666,1.1111111111111112
10048.0,13.0,1.0,0.0,0,0,0,0,0,0,0,0,0,0,0,0,0,0,0,0,0,0,0,0,0,0,0,0,0,0,0,0,0,0,0,0,0,0,0,0,0,0,0,0,0,0,0,0,0,0,1,0,0,0,0,0,0,0,0,0,0,0,0,0,0,0,0,0,0,0,0,0,0,0,0,0,0,0,0,0,0,0,0,0,0,0,0,0,0,13.0,1.0
10065.0,1075.0,123.5,0.0,0,0,22,0,1,0,2,2,0,0,0,0,0,0,0,0,0,1,0,0,16,0,0,0,0,2,0,0,0,0,0,7,0,0,0,0,1,1,1,0,0,2,0,0,0,9,5,0,4,0,1,0,1,2,1,0,0,0,0,0,2,0,0,0,4,0,0,0,0,5,1,0,1,0,0,1,0,0,0,0,3,1,1,1,0,10.643564356435643,1.2227722772277227
10069.0,13.0,1.0,0.0,0,0,0,0,0,0,0,0,0,0,0,0,0,0,0,0,0,0,0,0,1,0,0,0,0,0,0,0,0,0,0,0,0,0,0,0,0,0,0,0,0,0,0,0,0,0,0,0,0,0,0,0,0,0,0,0,0,0,0,0,0,0,0,0,0,0,0,0,0,0,0,0,0,0,0,0,0,0,0,0,0,0,0,0,0,13.0,1.0
10075.0,527.5,58.5,0.0,0,0,10,0,1,0,2,1,0,0,0,0,0,0,0,0,0,3,0,2,5,0,0,0,0,2,0,0,0,0,0,0,1,0,0,0,0,1,0,0,0,0,0,0,0,3,0,0,1,0,0,0,1,2,0,0,0,0,0,0,0,0,0,0,4,0,0,0,1,0,1,0,0,0,0,0,0,0,0,0,0,0,0,0,0,12.865853658536585,1.4268292682926829
10103.0,10.0,1.0,0.0,0,0,0,0,0,0,0,0,0,0,0,0,0,0,0,0,0,0,0,0,0,0,0,0,0,1,0,0,0,0,0,0,0,0,0,0,0,0,0,0,0,0,0,0,0,0,0,0,0,0,0,0,0,0,0,0,0,0,0,0,0,0,0,0,0,0,0,0,0,0,0,0,0,0,0,0,0,0,0,0,0,0,0,0,0,10.0,1.0
10105.0,8.0,0.0,0.0,0,0,0,0,0,0,0,0,0,0,0,0,0,0,0,0,0,0,0,0,0,0,0,0,0,0,0,0,0,0,0,1,0,0,0,0,0,0,0,0,0,0,0,0,0,0,0,0,0,0,0,0,0,0,0,0,0,0,0,0,0,0,0,0,0,0,0,0,0,0,0,0,0,0,0,0,0,0,0,0,0,0,0,0,0,8.0,0.0
10106.0,34.0,3.0,0.0,0,0,2,0,0,0,0,0,0,0,0,0,0,0,0,0,0,0,0,0,0,0,0,0,0,0,0,0,0,0,0,0,0,0,0,0,0,0,0,0,0,0,0,0,0,1,0,0,0,0,0,0,0,0,0,0,0,0,0,0,0,0,0,0,0,0,0,0,0,0,0,0,0,0,0,0,0,0,0,0,0,0,0,0,0,11.333333333333334,1.0
10111.0,48.0,4.0,0.0,0,0,2,0,0,0,0,0,0,0,0,0,0,0,0,0,0,0,0,0,1,0,0,0,0,0,0,0,0,0,0,1,1,0,0,0,0,0,0,0,0,0,0,0,0,0,0,0,0,0,0,0,0,0,0,0,0,0,0,0,0,0,0,0,0,0,0,0,0,0,1,0,0,0,0,0,0,0,0,0,0,0,0,0,0,8.0,0.6666666666666666
10112.0,98.0,11.0,0.0,0,0,5,0,0,0,0,0,0,0,0,0,0,0,0,0,0,0,0,0,1,0,0,0,0,1,0,0,0,0,0,0,0,0,0,0,0,0,0,0,0,0,0,0,0,0,1,0,0,0,0,0,0,0,0,0,0,0,0,0,0,0,0,0,0,0,0,0,1,0,0,0,0,0,0,0,0,0,0,0,1,0,0,0,0,9.8,1.1
10115.0,7.0,1.0,0.0,0,0,1,0,0,0,0,0,0,0,0,0,0,0,0,0,0,0,0,0,0,0,0,0,0,0,0,0,0,0,0,0,0,0,0,0,0,0,0,0,0,0,0,0,0,0,0,0,0,0,0,0,0,0,0,0,0,0,0,0,0,0,0,0,0,0,0,0,0,0,0,0,0,0,0,0,0,0,0,0,0,0,0,0,0,7.0,1.0
10118.0,66.0,6.0,0.0,0,0,2,0,0,0,0,0,0,0,0,0,0,0,0,0,0,0,0,0,3,0,0,0,0,0,0,0,0,0,0,0,0,0,0,0,0,0,0,0,0,0,0,0,0,0,0,0,1,0,0,0,0,1,0,0,0,0,0,0,0,0,0,0,0,0,0,0,1,0,0,0,0,0,0,0,0,0,0,0,1,0,0,0,0,7.333333333333333,0.6666666666666666
10119.0,43.0,5.0,0.0,0,0,1,0,0,0,0,0,0,0,0,0,0,0,0,0,0,0,0,0,2,0,0,0,0,0,0,0,0,0,0,0,0,0,0,0,0,0,0,0,0,0,0,0,0,0,0,0,0,0,0,0,0,1,0,0,0,0,0,0,0,0,0,0,0,0,0,0,0,0,0,0,0,0,0,0,0,0,0,0,1,0,0,0,0,8.6,1.0
10121.0,108.5,12.0,0.0,0,0,5,0,0,0,0,2,0,0,0,0,0,0,0,0,0,0,0,0,0,0,0,0,0,2,0,0,0,0,0,0,0,0,0,0,0,0,0,0,0,0,0,0,0,0,0,0,0,0,0,0,0,0,0,0,0,0,0,0,0,0,0,0,1,0,0,0,0,0,1,0,0,0,0,0,0,0,0,0,0,0,0,0,0,9.863636363636363,1.0909090909090908
10128.0,978.5,119.0,0.0,0,0,15,0,1,0,1,0,0,0,0,0,0,0,0,2,0,4,0,0,10,0,0,0,0,3,0,0,0,0,0,2,0,0,0,0,1,0,0,0,0,1,0,0,1,4,3,0,1,0,0,0,0,4,0,0,0,0,0,0,2,0,0,1,4,0,0,0,0,2,3,0,1,0,0,0,0,0,0,0,0,1,0,0,0,14.604477611940299,1.7761194029850746
10151.0,6.0,1.0,0.0,0,0,1,0,0,0,0,0,0,0,0,0,0,0,0,0,0,0,0,0,0,0,0,0,0,0,0,0,0,0,0,0,0,0,0,0,0,0,0,0,0,0,0,0,0,0,0,0,0,0,0,0,0,0,0,0,0,0,0,0,0,0,0,0,0,0,0,0,0,0,0,0,0,0,0,0,0,0,0,0,0,0,0,0,0,6.0,1.0
10153.0,13.0,2.0,0.0,0,0,1,0,0,0,0,0,0,0,0,0,0,0,0,0,0,0,0,0,0,0,0,0,0,0,0,0,0,0,0,0,0,0,0,0,0,0,0,0,0,0,0,0,0,0,0,0,0,0,0,0,0,0,0,0,0,0,0,0,1,0,0,0,0,0,0,0,0,0,0,0,0,0,0,0,0,0,0,0,0,0,0,0,0,6.5,1.0
10154.0,10.0,1.0,0.0,0,0,1,0,0,0,0,0,0,0,0,0,0,0,0,0,0,0,0,0,0,0,0,0,0,0,0,0,0,0,0,0,0,0,0,0,0,0,0,0,0,0,0,0,0,0,0,0,0,0,0,0,0,0,0,0,0,0,0,0,0,0,0,0,0,0,0,0,0,0,0,0,0,0,0,0,0,0,0,0,0,0,0,0,0,10.0,1.0
10155.0,2.0,0.0,0.0,0,0,1,0,0,0,0,0,0,0,0,0,0,0,0,0,0,0,0,0,0,0,0,0,0,0,0,0,0,0,0,0,0,0,0,0,0,0,0,0,0,0,0,0,0,0,0,0,0,0,0,0,0,0,0,0,0,0,0,0,0,0,0,0,0,0,0,0,0,0,0,0,0,0,0,0,0,0,0,0,0,0,0,0,0,2.0,0.0
10158.0,25.0,3.0,0.0,0,0,0,0,1,0,0,0,0,0,0,0,0,0,0,0,0,0,0,0,1,0,0,0,0,0,0,0,0,0,0,0,0,0,0,0,0,0,0,0,0,0,0,0,0,0,0,0,0,0,0,0,0,0,0,0,0,0,0,0,0,0,0,0,0,0,0,0,0,0,0,0,0,0,0,0,0,0,0,0,0,0,0,0,0,12.5,1.5
10165.0,11.0,1.0,0.0,0,0,1,0,0,0,0,0,0,0,0,0,0,0,0,0,0,0,0,0,1,0,0,0,0,0,0,0,0,0,0,0,0,0,0,0,0,0,0,0,0,0,0,0,0,0,0,0,0,0,0,0,0,0,0,0,0,0,0,0,0,0,0,0,0,0,0,0,0,0,0,0,0,0,0,0,0,0,0,0,0,0,0,0,0,5.5,0.5
10167.0,30.0,3.0,0.0,0,0,3,0,0,0,0,0,0,0,0,0,0,0,0,0,0,0,0,0,0,0,0,0,0,0,0,0,0,0,0,0,0,0,0,0,0,0,0,0,0,0,0,0,0,0,0,0,0,0,0,0,0,0,0,0,0,0,0,0,0,0,0,0,0,0,0,0,0,0,0,0,0,0,0,0,0,0,0,0,0,0,0,0,0,10.0,1.0
10168.0,5.0,1.0,0.0,0,0,0,0,0,0,0,0,0,0,0,0,0,0,0,0,0,0,0,0,0,0,0,0,0,0,0,0,0,0,0,0,0,0,0,0,0,0,0,0,0,0,0,0,0,0,0,0,1,0,0,0,0,0,0,0,0,0,0,0,0,0,0,0,0,0,0,0,0,0,0,0,0,0,0,0,0,0,0,0,0,0,0,0,0,5.0,1.0
10169.0,111.0,13.0,0.0,0,0,0,0,0,0,0,0,0,0,0,0,0,0,0,0,0,0,0,0,1,0,0,0,0,2,0,0,0,0,0,1,0,0,0,0,0,0,0,0,0,1,0,0,0,1,1,0,1,0,0,0,0,0,0,0,0,0,0,0,0,0,0,0,1,0,0,0,1,0,0,0,1,0,0,0,0,0,0,0,1,0,0,0,1,8.538461538461538,1.0
10171.0,9.0,1.0,0.0,0,0,1,0,0,0,0,0,0,0,0,0,0,0,0,0,0,0,0,0,0,0,0,0,0,0,0,0,0,0,0,0,0,0,0,0,0,0,0,0,0,0,0,0,0,0,0,0,0,0,0,0,0,0,0,0,0,0,0,0,0,0,0,0,0,0,0,0,0,0,0,0,0,0,0,0,0,0,0,0,0,0,0,0,0,9.0,1.0
10172.0,13.0,2.0,0.0,0,0,1,0,0,0,0,0,0,0,0,0,0,0,0,0,0,0,0,0,1,0,0,0,0,0,0,0,0,0,0,0,0,0,0,0,0,0,0,0,0,0,0,0,0,0,0,0,0,0,0,0,0,0,0,0,0,0,0,0,0,0,0,0,0,0,0,0,0,0,0,0,0,0,0,0,0,0,0,0,0,0,0,0,0,6.5,1.0
10173.0,9.0,0.0,0.0,0,0,0,0,0,0,0,0,0,0,0,0,0,0,0,0,0,0,0,0,1,0,0,0,0,0,0,0,0,0,0,0,0,0,0,0,0,0,0,0,0,0,0,0,0,0,0,0,0,0,0,0,0,0,0,0,0,0,0,0,0,0,0,0,0,0,0,0,0,0,0,0,0,0,0,0,0,0,0,0,0,0,0,0,0,9.0,0.0
10176.0,9.0,1.0,0.0,0,0,0,0,0,0,0,0,0,0,0,0,0,0,1,0,0,0,0,0,0,0,0,0,0,0,0,0,0,0,0,0,0,0,0,0,0,0,0,0,0,0,0,0,0,0,0,0,0,0,0,0,0,0,0,0,0,0,0,0,0,0,0,0,0,0,0,0,0,0,0,0,0,0,0,0,0,0,0,0,0,0,0,0,0,9.0,1.0
10177.0,11.0,1.0,0.0,0,0,1,0,0,0,0,0,0,0,0,0,0,0,0,0,0,0,0,0,0,0,0,0,0,0,0,0,0,0,0,0,0,0,0,0,0,0,0,0,0,0,0,0,0,0,0,0,0,0,0,0,0,0,0,0,0,0,0,0,0,0,0,0,0,0,0,0,0,0,0,0,0,0,0,0,0,0,0,0,0,0,0,0,0,11.0,1.0
10178.0,36.0,4.0,0.0,0,0,3,0,0,0,0,0,0,0,0,0,0,0,0,0,0,0,0,0,0,0,0,0,0,0,0,0,0,0,0,0,0,0,0,0,0,0,0,0,0,0,0,0,0,0,0,0,0,0,0,0,0,0,0,0,0,0,0,0,0,0,0,0,0,0,0,0,0,0,0,0,0,0,0,0,0,0,0,0,0,0,0,0,0,12.0,1.3333333333333333
10179.0,7.0,1.0,0.0,0,0,2,0,0,0,0,0,0,0,0,0,0,0,0,0,0,0,0,0,0,0,0,0,0,0,0,0,0,0,0,0,0,0,0,0,0,0,0,0,0,0,0,0,0,0,0,0,0,0,0,0,0,0,0,0,0,0,0,0,0,0,0,0,0,0,0,0,0,0,0,0,0,0,0,0,0,0,0,0,0,0,0,0,0,3.5,0.5
10271.0,37.0,5.0,0.0,0,0,3,0,0,0,0,0,0,0,0,0,0,0,0,0,0,0,0,0,1,0,0,0,0,0,0,0,0,0,0,0,0,0,0,0,0,0,0,0,0,0,0,0,0,0,0,0,0,0,0,0,0,0,0,0,0,0,0,0,0,0,0,0,0,0,0,0,0,0,0,0,0,0,0,0,0,0,0,0,0,0,0,0,0,9.25,1.25
10280.0,177.0,16.0,0.0,0,0,3,0,0,0,1,1,0,1,0,0,0,0,0,0,0,0,0,0,1,0,0,0,0,0,0,0,0,0,0,2,1,0,0,0,0,0,0,0,0,0,0,0,0,0,0,1,0,0,0,0,2,0,0,0,0,0,0,0,0,0,0,0,1,0,0,0,1,0,1,0,0,0,0,0,0,0,0,0,1,0,0,0,0,10.411764705882353,0.9411764705882353
10281.0,91.0,17.0,0.0,0,0,7,0,0,0,0,0,0,0,0,0,0,0,0,0,0,0,0,0,1,0,0,0,0,0,0,0,0,0,0,0,0,0,0,0,0,0,0,0,0,0,0,0,0,1,0,0,0,0,0,0,0,0,0,0,0,0,0,0,0,0,0,0,0,0,0,0,0,0,0,0,1,0,1,1,0,0,0,0,0,0,0,0,0,7.583333333333333,1.4166666666666667
10282.0,126.0,13.0,0.0,0,0,7,0,0,0,0,0,0,1,0,0,0,0,0,0,0,0,0,0,2,0,0,0,0,0,0,0,0,0,0,0,0,0,0,0,0,0,0,0,0,0,0,0,0,1,0,0,0,0,0,0,0,1,0,0,0,0,0,0,0,0,0,0,0,0,0,0,0,0,0,0,0,0,0,0,0,0,0,0,0,0,0,0,0,10.5,1.0833333333333333
10301.0,793.5,94.0,0.0,0,1,15,0,0,0,2,2,0,0,0,0,0,0,1,2,0,4,0,0,3,0,0,0,0,3,0,0,0,0,0,0,1,0,0,0,0,2,0,0,0,2,0,0,0,4,1,0,1,0,2,0,0,6,0,0,0,0,0,0,0,0,0,0,2,0,0,0,0,2,0,0,0,1,0,0,0,3,0,0,0,1,0,0,0,13.008196721311476,1.540983606557377
10302.0,607.5,62.5,0.0,0,0,6,0,1,0,0,2,0,1,0,0,0,0,0,2,0,4,0,0,1,0,0,0,0,1,0,0,0,0,0,0,1,0,0,0,0,1,0,0,0,0,0,0,1,2,2,0,2,0,0,0,2,12,0,0,0,0,0,0,1,0,0,0,7,0,0,0,0,1,0,0,0,0,0,0,0,3,0,0,1,0,0,0,0,11.25,1.1574074074074074
10303.0,186.0,17.5,0.0,0,0,1,0,0,0,0,0,0,0,0,0,0,0,0,1,0,2,0,0,0,0,0,0,0,2,0,0,0,0,0,0,1,0,0,0,0,4,0,0,0,1,0,0,0,0,1,0,0,0,2,0,0,0,0,0,0,0,0,0,0,0,0,0,2,0,0,0,0,1,0,0,1,0,0,0,0,0,0,0,0,0,0,0,0,9.789473684210526,0.9210526315789473
10304.0,353.5,48.5,0.0,0,0,9,0,0,0,0,0,0,0,0,0,0,0,1,0,0,3,0,0,1,0,0,0,0,2,0,0,0,0,0,0,0,0,0,0,0,1,0,0,0,1,0,0,0,3,0,0,1,0,0,0,0,3,0,0,0,0,0,0,0,0,0,0,4,0,0,0,0,0,0,0,1,0,0,0,0,0,0,1,0,0,0,0,1,11.046875,1.515625
10305.0,624.0,70.5,0.0,0,0,7,0,0,0,1,5,0,0,0,0,0,0,0,0,0,6,0,0,2,0,0,0,0,3,0,0,0,0,0,0,2,0,0,0,0,1,0,0,0,0,0,0,0,9,0,0,0,0,0,0,1,3,0,0,0,0,0,0,4,0,0,0,8,0,0,1,0,2,0,0,1,0,0,0,0,0,0,0,2,0,0,0,0,10.758620689655173,1.2155172413793103
10306.0,932.5,104.0,0.0,0,0,9,0,2,0,0,2,0,0,0,0,0,0,0,1,0,7,0,0,5,0,0,0,0,5,1,0,0,0,0,0,5,0,0,0,0,2,1,0,0,0,0,0,0,6,0,0,4,0,2,0,1,4,0,0,0,0,0,0,3,0,0,1,13,0,0,0,0,3,0,0,0,0,0,0,1,1,0,0,2,0,0,0,0,11.512345679012345,1.2839506172839505
10307.0,206.0,25.0,0.0,0,0,3,0,0,0,0,0,0,0,0,0,0,0,0,0,0,3,0,0,3,0,0,0,0,0,0,0,0,0,0,0,1,0,0,0,0,2,0,0,0,0,0,0,0,2,1,0,0,0,0,0,0,0,0,0,0,0,0,0,0,0,0,0,3,0,0,0,0,0,0,0,0,0,0,0,0,1,0,0,0,0,0,0,0,10.842105263157896,1.3157894736842106
10308.0,267.0,29.0,0.0,0,0,3,0,0,0,0,1,0,0,1,0,0,0,0,1,0,1,0,0,0,0,0,0,0,3,0,0,0,0,0,0,1,0,0,0,0,0,0,0,0,0,0,0,0,6,2,0,0,0,0,0,1,1,0,0,0,0,0,0,0,0,0,0,3,0,0,0,0,1,0,0,0,0,0,0,1,0,0,0,0,0,0,0,0,10.26923076923077,1.1153846153846154
10309.0,535.5,65.0,0.0,0,0,11,0,0,0,1,2,0,0,0,0,0,0,0,1,0,3,0,0,5,0,0,0,0,4,0,0,0,0,0,0,1,0,0,1,0,0,0,0,0,0,0,0,0,6,3,0,2,0,0,0,0,1,0,0,0,0,0,0,3,0,0,0,6,0,0,0,0,1,0,0,1,0,0,1,0,0,0,0,0,0,0,0,0,10.10377358490566,1.2264150943396226
10310.0,533.5,51.5,0.0,0,0,11,0,0,0,0,1,0,1,0,0,1,0,0,1,0,4,0,0,4,0,0,0,0,1,0,0,0,0,0,0,2,0,0,0,0,1,0,0,0,0,0,0,0,4,2,0,0,0,1,0,2,3,0,0,0,0,0,0,1,0,0,0,5,0,0,0,0,1,0,0,0,0,0,0,0,0,0,0,0,1,0,0,0,11.351063829787234,1.0957446808510638
10312.0,587.5,70.0,0.0,0,0,9,0,0,0,1,1,0,0,0,0,0,0,0,0,0,5,0,0,0,0,0,0,0,5,0,0,0,0,0,0,0,0,0,0,0,2,0,0,0,0,0,0,1,8,2,0,2,0,0,0,0,0,1,0,0,0,0,0,2,0,0,0,5,0,0,0,0,3,1,0,0,0,0,0,0,0,0,0,1,0,0,0,0,11.989795918367347,1.4285714285714286
10314.0,1382.0,145.0,0.0,0,0,28,0,4,0,3,2,0,0,0,0,0,0,1,3,0,7,0,0,10,1,0,0,0,10,0,0,0,0,1,0,4,0,0,0,1,5,0,0,1,0,0,0,0,5,6,2,1,0,0,0,0,2,0,0,0,0,0,0,2,0,1,0,8,0,0,0,0,6,1,0,0,0,0,0,0,0,1,0,4,2,0,0,0,11.327868852459016,1.1885245901639345
10451.0,811.5,86.5,10.0,0,2,11,0,0,0,2,2,0,0,0,0,0,0,3,5,0,8,0,0,1,0,0,0,0,5,0,0,0,0,0,0,2,0,0,0,0,2,0,0,0,0,0,0,0,0,0,0,0,0,5,0,0,4,0,0,0,0,0,0,0,0,0,0,8,0,0,0,0,2,2,0,3,0,0,0,0,2,0,0,1,0,0,0,1,11.429577464788732,1.2183098591549295
10452.0,642.0,71.0,0.0,0,0,5,0,0,0,0,1,0,0,0,0,0,0,3,5,0,9,0,0,0,0,0,0,0,2,0,0,0,0,0,0,0,0,0,0,0,2,0,0,0,0,0,0,0,0,0,0,2,0,8,0,0,1,0,0,0,0,0,0,1,0,0,0,2,0,0,0,0,0,1,0,1,0,0,0,0,7,0,0,2,0,0,0,0,12.346153846153847,1.3653846153846154
10453.0,670.0,78.5,0.0,0,2,3,0,0,0,0,2,0,0,0,0,0,0,1,5,0,7,0,0,0,0,0,0,0,1,0,0,0,0,0,0,1,0,0,0,0,2,0,0,0,0,0,0,0,0,0,0,3,0,8,0,0,6,0,0,0,0,0,0,0,0,0,0,5,0,0,0,0,0,0,0,0,0,0,0,0,5,0,0,1,0,0,0,0,12.884615384615385,1.5096153846153846
10454.0,418.5,52.5,0.0,0,0,5,0,0,0,0,3,0,1,0,0,0,0,0,2,0,4,0,0,0,0,0,0,0,3,0,0,0,0,0,0,0,0,0,0,0,2,0,0,0,0,0,0,0,0,0,0,0,0,5,0,0,5,0,1,0,0,0,0,0,0,0,1,4,0,0,0,0,0,0,0,0,0,0,0,0,3,1,0,1,0,0,0,0,10.207317073170731,1.2804878048780488
10455.0,727.5,84.0,0.0,0,0,7,0,0,0,0,4,0,0,0,0,0,0,0,3,0,4,0,0,0,0,0,0,0,2,0,0,0,0,0,0,0,0,0,0,0,2,0,0,0,0,0,0,0,1,0,0,4,0,5,0,0,6,0,0,0,0,0,0,1,0,0,1,6,0,0,0,0,4,0,0,2,0,0,0,0,2,0,0,1,0,0,0,0,13.227272727272727,1.5272727272727273
10456.0,579.5,72.5,0.0,0,5,0,0,0,0,0,1,0,0,0,0,0,0,3,8,0,8,0,0,1,0,0,0,0,1,0,0,0,0,0,0,0,0,0,0,0,1,0,0,0,0,0,0,0,0,0,0,1,0,4,0,0,1,0,0,0,0,0,0,0,0,0,0,6,0,0,0,0,0,0,0,0,0,0,0,0,3,0,0,0,0,0,0,0,13.476744186046512,1.686046511627907
10457.0,482.8333333333333,67.0,0.0,0,1,2,0,0,0,0,2,0,0,0,0,0,0,0,5,0,8,0,0,0,0,0,0,0,2,0,0,0,0,0,0,0,0,0,0,0,6,0,0,0,0,0,0,0,1,0,0,1,0,7,0,0,1,0,0,0,0,0,0,0,0,0,0,5,0,0,0,0,1,0,0,1,0,0,0,0,8,0,0,1,0,0,0,0,9.28525641025641,1.2884615384615385
10458.0,1165.0,150.5,0.0,0,0,13,0,0,0,0,4,0,0,1,0,0,0,1,3,0,9,0,0,13,0,0,0,0,3,1,0,0,0,0,0,1,0,1,0,0,3,0,0,0,0,0,0,0,10,1,0,0,0,8,0,2,8,1,0,0,0,0,0,2,0,0,0,12,0,0,0,0,4,2,0,1,0,0,0,0,5,0,0,2,0,0,0,0,10.495495495495495,1.3558558558558558
10459.0,607.5,72.5,8.0,0,0,2,0,0,0,0,6,0,0,0,0,0,0,1,8,0,6,0,0,0,0,0,0,0,4,0,0,0,0,0,0,0,0,0,0,0,4,0,0,0,0,0,0,0,0,0,0,0,0,6,0,0,4,0,0,0,0,0,0,0,0,0,0,6,0,0,0,0,2,0,0,0,0,0,0,0,2,0,0,1,0,0,0,0,11.682692307692308,1.3942307692307692
10460.0,360.0,44.0,0.0,0,1,4,0,0,0,0,0,0,0,0,0,0,0,2,2,0,4,0,0,1,0,0,0,0,3,0,0,0,0,0,0,0,0,0,0,0,4,0,0,0,0,0,0,0,0,0,0,0,0,5,0,0,0,0,0,0,0,0,0,2,0,1,0,5,0,0,0,0,0,0,0,0,0,0,0,0,1,0,0,0,0,0,0,1,10.0,1.2222222222222223
10461.0,1052.0,127.0,0.0,0,0,12,0,2,0,0,4,0,0,1,0,0,0,1,2,0,8,0,0,4,0,0,0,0,6,0,0,0,0,0,0,3,0,0,0,2,6,0,0,0,0,0,0,1,5,1,0,1,0,5,0,0,2,0,0,0,0,1,0,1,0,0,0,8,0,0,0,0,6,0,0,1,0,0,1,0,1,0,0,3,2,0,0,0,11.688888888888888,1.4111111111111112
10462.0,885.5,107.5,0.0,1,0,10,0,1,0,0,7,4,0,0,0,0,0,2,3,0,11,0,0,6,0,0,0,0,1,1,0,0,0,0,0,0,0,0,0,0,4,0,0,0,2,0,0,0,0,0,0,3,0,3,0,0,3,4,0,0,0,0,0,1,0,0,0,9,0,0,0,0,3,0,0,2,0,0,0,0,4,0,0,1,1,0,0,0,10.17816091954023,1.235632183908046
10463.0,637.5,78.5,0.0,0,0,14,0,1,0,2,3,0,0,0,0,0,0,0,3,0,4,0,0,3,0,0,0,0,3,0,0,0,0,0,0,1,0,0,0,1,1,0,0,0,0,0,0,0,1,0,2,0,0,6,0,0,3,1,0,0,0,0,0,2,0,1,0,6,0,0,0,0,3,0,0,1,0,0,0,0,2,0,0,1,1,0,0,0,9.659090909090908,1.1893939393939394
10464.0,242.5,33.0,0.0,0,0,6,0,0,0,0,0,0,0,0,0,0,0,0,0,0,0,0,0,2,0,0,0,0,1,0,0,0,0,0,0,0,0,0,0,0,0,0,0,0,0,0,0,0,2,1,0,1,0,0,0,0,0,0,0,0,0,0,0,0,0,0,0,0,0,0,0,0,2,0,0,8,0,0,0,0,1,0,0,0,0,0,0,0,10.104166666666666,1.375
10465.0,408.0,47.0,0.0,0,0,12,0,0,0,0,0,0,0,0,0,0,0,1,2,0,4,0,0,2,0,0,0,0,2,0,0,0,0,0,0,0,0,0,0,0,1,0,0,0,0,0,0,0,1,0,0,2,0,1,0,0,2,0,0,0,0,0,0,0,0,0,0,6,0,0,0,0,2,0,0,0,0,0,0,0,0,0,0,1,0,0,0,0,10.461538461538462,1.205128205128205
10466.0,633.5,69.0,0.0,0,1,2,0,0,0,0,2,0,0,0,0,1,0,19,4,0,3,0,0,0,0,0,0,0,0,0,0,0,0,0,0,0,0,0,0,0,4,0,0,0,0,0,0,0,0,0,0,1,0,1,0,0,0,0,0,0,0,0,0,0,0,0,0,4,0,0,0,0,1,0,0,0,0,0,0,0,0,0,0,1,0,0,0,0,14.397727272727273,1.5681818181818181
10467.0,998.5,129.0,0.0,0,0,5,0,0,0,0,4,0,0,0,0,1,0,11,5,0,9,0,0,1,0,0,0,1,3,0,0,0,0,0,0,0,0,1,0,0,5,0,0,0,1,0,0,0,0,0,0,3,0,4,0,0,3,0,0,0,0,0,0,3,0,1,0,10,0,0,0,0,5,0,0,0,1,0,0,0,3,0,0,1,0,0,0,0,12.32716049382716,1.5925925925925926
10468.0,863.5,103.5,0.0,0,0,9,0,0,0,0,5,0,0,1,0,0,0,0,4,0,9,0,0,1,0,0,0,0,4,0,0,0,0,0,0,0,0,0,0,1,2,0,0,0,0,0,0,0,0,0,0,1,0,9,0,0,5,0,0,0,0,0,0,0,0,0,0,4,0,0,0,0,2,0,0,1,0,0,0,0,2,0,0,2,0,0,0,0,13.92741935483871,1.6693548387096775
10469.0,669.5,74.5,0.0,0,1,4,0,0,0,0,2,0,0,0,0,0,0,13,3,0,9,0,0,1,0,0,0,0,4,1,0,0,0,0,0,0,0,0,0,0,3,0,0,0,0,0,0,0,1,0,0,0,0,2,0,0,0,0,0,0,0,0,0,0,0,0,0,9,0,0,0,0,0,0,0,0,1,0,0,0,0,0,0,0,0,0,0,0,12.398148148148149,1.3796296296296295
10470.0,400.0,43.0,0.0,0,0,3,0,0,0,0,1,0,0,2,0,0,0,7,1,0,3,0,0,0,0,0,0,0,1,0,0,0,0,0,0,0,0,0,0,0,0,0,0,0,0,0,0,3,0,0,0,0,0,1,0,0,0,0,0,0,0,0,0,0,0,0,0,5,0,0,0,0,0,1,0,0,0,0,0,0,0,0,0,0,0,0,0,0,14.285714285714286,1.5357142857142858
10471.0,330.0,38.0,0.0,0,0,9,0,0,0,0,0,0,1,0,0,0,0,0,0,0,1,0,0,2,0,0,0,0,1,0,0,0,0,0,0,0,0,0,0,0,0,0,0,0,0,0,0,0,0,2,2,0,0,0,0,1,1,0,0,0,0,0,0,0,0,0,0,3,0,0,0,0,0,0,0,0,0,0,0,0,1,2,0,0,0,0,0,0,12.692307692307692,1.4615384615384615
10472.0,577.0,69.0,0.0,0,1,2,0,0,0,0,4,1,0,0,0,0,0,1,3,0,5,0,0,0,0,0,0,0,2,0,0,0,0,0,0,0,0,0,0,0,4,0,0,0,0,0,0,0,0,0,0,2,0,12,0,0,5,0,0,0,0,0,0,1,0,1,0,3,0,0,0,0,0,0,0,0,0,0,0,0,3,0,0,1,0,0,0,0,11.313725490196079,1.3529411764705883
10473.0,229.0,31.0,0.0,0,0,2,0,0,0,0,0,0,0,0,0,0,0,0,4,0,4,0,0,1,0,0,0,0,1,0,0,0,0,0,0,0,0,0,0,0,2,0,0,0,0,0,0,0,0,0,0,0,0,1,0,0,0,0,0,0,0,0,0,0,0,0,0,3,0,0,0,0,1,0,0,1,0,0,0,0,2,0,0,0,0,0,0,0,10.409090909090908,1.4090909090909092
10474.0,175.0,23.0,0.0,0,0,3,0,0,0,0,1,0,0,0,0,0,0,0,0,0,1,0,0,2,0,0,0,0,1,0,0,0,0,0,0,0,0,0,0,0,1,0,0,0,0,0,0,0,0,0,0,0,0,2,0,0,1,0,0,0,0,0,0,0,0,0,0,1,0,0,0,0,0,0,0,0,0,0,0,0,2,0,0,0,0,0,0,0,11.666666666666666,1.5333333333333334
10475.0,307.5,33.5,0.0,0,0,4,0,0,0,1,1,0,0,0,0,0,0,2,2,0,1,0,0,2,0,0,0,0,3,0,0,0,0,0,0,0,0,0,0,0,3,0,0,1,0,0,0,0,0,2,0,0,0,2,0,0,1,1,0,0,0,0,0,0,0,1,0,2,0,0,0,0,1,0,0,1,0,0,0,0,0,1,0,1,1,0,0,0,9.044117647058824,0.9852941176470589
11004.0,182.5,20.5,0.0,1,0,0,0,0,0,0,0,0,0,0,0,0,0,0,1,0,3,0,0,1,0,0,0,0,1,0,0,0,0,0,0,2,0,0,0,0,0,0,0,0,3,0,0,0,0,0,0,0,0,0,0,0,0,0,0,0,0,0,0,0,0,0,0,1,0,0,0,0,2,0,0,0,0,0,0,0,0,0,0,1,0,0,0,1,10.735294117647058,1.2058823529411764
11005.0,13.0,2.0,0.0,0,0,0,0,0,0,0,0,0,0,0,0,0,0,0,0,0,0,0,0,0,0,0,0,0,0,0,0,0,0,0,0,0,0,0,0,1,0,0,0,0,0,0,0,0,0,0,0,0,0,0,0,0,0,0,0,0,0,0,0,0,0,0,0,0,0,0,0,0,0,0,0,0,0,0,0,0,0,0,0,0,0,0,0,0,13.0,2.0
11040.0,125.0,13.0,0.0,0,0,3,0,0,0,0,0,0,0,0,0,0,0,0,0,0,1,0,0,0,0,0,0,0,0,0,0,0,0,0,0,0,0,0,0,0,0,0,0,0,1,0,0,0,1,0,0,0,0,0,0,0,1,1,0,0,0,0,0,0,0,0,0,1,0,0,0,0,1,0,0,0,0,0,0,0,0,0,0,0,0,0,0,0,12.5,1.3
11101.0,2135.5,265.0,0.0,0,0,52,0,3,0,1,3,0,0,1,1,0,0,0,4,0,6,0,1,15,0,0,0,0,9,1,0,1,0,0,4,0,0,0,0,1,4,0,0,0,1,0,0,1,4,7,0,1,2,11,0,1,5,0,0,0,0,1,0,0,1,0,3,8,0,0,0,1,11,5,0,0,0,0,0,0,3,2,0,1,5,1,0,1,11.669398907103826,1.4480874316939891
11102.0,704.5,91.0,0.0,0,0,9,0,1,0,1,1,0,0,0,0,0,0,0,0,0,4,0,0,8,0,0,0,1,2,0,0,0,0,0,0,0,0,0,0,4,1,0,0,0,0,0,0,1,4,0,0,1,0,0,0,1,2,0,0,0,0,0,0,0,1,0,0,9,0,0,0,0,1,1,0,1,0,0,0,0,1,0,0,1,0,0,0,0,12.580357142857142,1.625
11103.0,1670.5,205.0,0.0,1,0,22,0,2,0,1,5,0,1,1,2,0,0,0,5,0,5,0,0,13,0,0,0,0,3,1,2,0,0,0,0,3,0,0,1,2,2,1,0,0,2,0,0,4,3,4,0,5,0,8,0,8,8,5,3,0,0,0,0,2,0,0,0,9,0,0,0,0,2,0,0,2,0,0,0,1,1,0,0,0,3,2,0,0,11.520689655172413,1.4137931034482758
11104.0,848.0,104.0,0.0,0,0,12,0,0,0,0,5,0,0,1,0,0,0,1,1,0,7,0,0,7,0,0,0,0,1,0,0,0,0,0,0,0,0,0,0,0,2,0,0,0,0,0,0,3,3,4,0,1,1,3,0,1,5,0,0,0,0,0,0,0,0,0,1,7,0,0,0,0,3,0,0,0,0,0,0,0,2,0,0,1,0,1,1,0,11.45945945945946,1.4054054054054055
11105.0,1040.0,124.0,0.0,1,0,20,0,0,1,1,8,0,0,0,0,0,0,0,1,0,2,0,0,5,0,0,0,1,5,0,0,0,0,0,1,2,0,0,0,5,1,0,0,0,1,0,0,1,7,4,0,1,0,1,0,1,2,2,0,0,0,0,0,0,0,0,1,6,0,0,0,0,2,1,0,0,0,0,0,0,2,2,0,2,0,0,0,0,11.555555555555555,1.3777777777777778
11106.0,1264.5,147.0,0.0,0,0,21,0,0,0,3,2,2,0,0,1,0,0,1,4,0,10,0,0,3,1,0,0,0,1,1,0,1,0,0,1,0,0,0,0,4,1,2,0,0,0,0,0,3,3,4,0,0,1,8,0,1,9,0,0,0,0,0,0,0,0,0,2,10,0,0,0,0,6,0,0,0,0,0,0,0,3,0,1,1,3,0,0,0,11.092105263157896,1.2894736842105263
11109.0,106.0,10.0,0.0,0,0,0,0,0,0,0,0,0,0,0,0,0,0,0,0,0,0,0,0,1,0,0,0,0,0,0,0,0,0,0,0,0,0,0,0,0,0,0,0,0,0,0,0,0,0,0,0,0,0,1,0,0,1,0,0,0,0,0,0,0,0,0,0,0,0,0,0,0,0,0,0,0,0,0,0,0,0,0,0,0,0,0,0,0,35.333333333333336,3.3333333333333335
11201.0,3372.0,396.5,0.0,0,1,62,0,4,1,4,7,0,1,1,0,0,0,2,3,0,11,0,1,36,1,0,0,0,4,0,0,0,0,0,5,5,0,0,2,0,8,0,1,0,3,0,0,0,11,8,2,8,4,3,1,8,5,6,0,0,0,1,0,6,1,1,0,16,1,0,0,5,9,4,0,3,2,0,1,3,3,0,0,6,11,0,1,1,11.46938775510204,1.348639455782313
11203.0,1236.5,129.0,8.0,0,0,6,0,0,0,0,4,0,0,0,0,0,0,46,6,0,9,0,0,1,0,2,0,0,5,0,0,0,0,0,0,0,0,0,0,0,4,0,0,0,0,0,0,0,1,0,2,1,0,0,0,0,0,0,0,0,0,0,0,2,0,0,0,3,0,0,0,0,2,0,0,1,0,0,0,0,0,0,0,1,0,0,0,0,12.880208333333334,1.34375
11204.0,1212.0,142.0,0.0,0,0,6,0,2,0,0,12,0,0,0,0,0,0,0,1,0,26,0,1,6,0,0,0,0,3,1,0,0,0,0,0,5,0,0,0,0,1,0,0,0,0,0,0,0,4,4,9,2,0,0,0,1,4,0,0,0,0,0,0,1,0,0,0,9,0,0,1,0,2,0,0,0,0,0,0,0,2,0,0,1,1,0,0,0,11.542857142857143,1.3523809523809525
11205.0,1075.5,127.5,0.0,0,0,18,0,0,0,2,1,0,0,1,0,1,0,1,3,0,6,0,0,16,0,0,0,0,1,0,0,0,0,0,0,1,0,1,0,0,0,0,1,0,2,0,0,0,2,3,3,2,1,3,0,0,4,3,0,0,0,0,0,1,0,0,0,5,0,0,0,0,2,2,0,1,0,0,1,1,2,0,0,2,6,0,1,2,10.544117647058824,1.25
11206.0,1322.5,142.0,0.0,0,0,21,0,3,1,2,3,0,0,3,0,0,0,2,5,0,7,0,0,12,1,0,0,0,2,0,0,0,0,0,2,1,0,0,0,0,3,0,0,0,1,0,0,1,1,3,1,3,0,8,0,1,7,2,0,0,0,0,0,0,0,1,0,12,0,0,0,1,1,0,0,1,0,0,0,0,5,0,0,2,2,0,2,0,10.752032520325203,1.1544715447154472
11207.0,1169.0,128.0,0.0,0,1,13,0,0,0,0,1,0,0,0,0,0,0,5,11,0,17,0,0,3,0,0,0,0,2,0,0,0,0,0,0,1,0,0,0,0,5,0,0,0,1,0,0,0,1,1,0,0,0,10,0,0,2,0,0,0,0,0,0,1,0,1,0,10,0,0,0,0,2,0,0,1,1,0,0,0,11,0,0,0,0,0,0,0,11.574257425742575,1.2673267326732673
11208.0,961.5,119.0,0.0,0,0,6,0,0,0,0,4,3,0,0,0,0,0,9,6,0,14,0,0,1,0,0,0,0,6,0,0,0,0,0,0,0,0,1,0,0,4,0,0,0,1,0,0,0,1,0,0,0,0,9,0,0,1,1,0,0,0,0,0,0,0,0,0,7,0,0,0,0,0,0,0,0,0,0,0,0,10,0,0,1,0,0,0,0,11.311764705882354,1.4
11209.0,1864.5,241.0,0.0,0,0,36,0,1,0,2,5,0,0,1,0,0,0,0,0,0,15,0,0,18,0,0,0,0,6,1,1,0,0,0,0,4,0,0,0,4,3,0,0,0,3,0,0,1,11,9,0,4,0,0,0,7,8,9,0,1,0,0,0,0,0,0,0,9,1,0,0,0,5,1,0,0,0,0,0,1,4,2,0,4,2,2,0,0,10.30110497237569,1.3314917127071824
11210.0,660.5,68.5,0.0,0,0,3,0,0,0,0,1,0,1,0,0,0,0,12,2,0,3,0,0,3,0,2,1,0,4,0,0,0,0,0,0,0,0,0,0,0,2,0,0,0,1,0,0,0,0,0,6,4,0,0,0,0,1,0,0,0,0,0,0,1,0,0,0,2,0,0,0,0,4,0,0,0,0,0,0,0,0,0,0,2,0,0,0,1,11.794642857142858,1.2232142857142858
11211.0,2973.5,352.0,0.0,0,0,60,0,2,0,1,9,0,1,4,1,0,0,0,3,0,10,0,0,22,0,0,0,0,5,0,0,0,0,0,1,0,0,0,0,0,5,2,0,0,4,0,0,2,9,11,6,4,3,15,0,6,14,3,0,0,0,1,0,2,0,0,2,15,0,0,0,2,2,2,0,2,1,0,0,1,5,2,1,4,8,0,3,3,11.480694980694981,1.359073359073359
11212.0,855.0,99.0,0.0,0,0,4,0,0,0,0,0,0,0,0,0,0,0,21,8,0,20,0,0,0,0,0,0,0,2,0,0,0,0,0,0,0,0,0,0,0,1,0,0,0,0,0,0,0,0,1,0,3,0,2,0,0,0,0,0,0,0,0,0,1,0,0,0,10,0,0,0,0,2,0,0,2,1,0,0,0,3,0,0,1,0,0,0,0,10.426829268292684,1.2073170731707317
11213.0,810.5,100.5,0.0,0,1,3,0,0,0,0,1,0,1,1,0,0,0,18,8,0,11,0,0,1,0,0,0,0,2,0,0,0,0,0,0,1,0,0,0,0,2,0,0,0,0,0,0,0,0,0,11,2,0,3,0,0,1,0,0,0,0,0,0,0,0,0,0,3,0,0,0,0,0,0,0,2,1,0,0,0,0,0,0,0,0,0,0,1,10.952702702702704,1.3581081081081081
11214.0,1788.0,212.5,0.0,0,0,10,0,7,0,1,14,0,0,0,0,0,0,0,2,0,32,0,2,12,0,0,0,0,5,6,0,0,0,0,0,4,0,0,0,0,3,1,0,0,0,0,0,0,4,5,0,4,0,1,0,1,0,1,0,0,0,0,0,1,2,0,0,16,1,0,1,0,1,0,0,0,0,0,0,5,5,0,0,4,1,0,0,0,11.763157894736842,1.3980263157894737
11215.0,2424.0,295.5,0.0,0,0,55,0,2,0,7,11,0,1,1,0,0,0,3,4,0,11,0,0,32,1,0,0,0,4,1,0,0,0,0,2,2,0,0,1,1,3,0,1,0,1,0,0,0,13,9,0,4,2,7,0,4,14,2,0,0,0,0,0,1,0,0,1,16,0,0,0,1,1,0,0,0,0,0,0,3,1,0,1,4,4,1,1,0,10.35897435897436,1.2628205128205128
11216.0,1439.5,178.0,0.0,0,4,16,0,3,0,0,2,1,0,0,0,0,0,17,6,0,10,0,0,14,0,0,0,0,2,0,0,0,0,0,1,3,1,0,0,0,2,0,0,0,2,0,0,0,1,4,0,3,0,2,0,1,3,0,0,0,0,0,0,1,0,0,0,6,0,0,0,0,1,0,0,1,4,0,0,0,4,0,1,1,1,0,1,2,11.896694214876034,1.4710743801652892
11217.0,1741.0,212.5,0.0,0,0,36,0,3,0,1,5,0,1,1,0,0,0,2,2,0,7,0,0,18,0,1,0,0,2,0,0,0,1,0,0,3,0,0,1,2,3,2,1,2,4,0,0,1,6,6,0,2,2,3,0,2,6,2,0,0,0,0,1,3,0,0,0,11,0,0,0,0,4,1,0,1,3,1,1,2,1,0,0,1,3,0,0,0,10.813664596273291,1.3198757763975155
11218.0,1163.5,141.0,0.0,1,0,13,0,1,0,0,1,4,0,0,0,0,0,0,1,0,9,0,0,5,0,0,0,0,3,0,0,0,0,0,0,4,0,0,0,0,3,0,0,0,1,0,0,0,2,3,7,1,0,2,0,0,7,7,1,0,0,0,0,0,2,0,0,9,0,0,2,0,1,0,0,0,0,0,0,0,4,0,0,3,4,0,0,0,11.51980198019802,1.396039603960396
11219.0,1001.0,113.0,0.0,0,0,5,0,0,0,0,8,0,0,0,0,0,0,0,1,0,16,0,0,0,0,0,0,0,2,0,0,0,0,0,0,1,0,0,0,1,1,0,0,0,0,0,0,0,2,2,12,0,0,2,0,0,6,0,0,0,0,0,0,0,0,0,0,4,0,0,1,0,1,0,0,0,0,0,0,1,2,0,0,0,0,0,0,0,14.720588235294118,1.661764705882353
11220.0,2840.5,334.5,0.0,0,0,11,0,8,0,1,28,0,2,2,0,0,0,0,4,0,88,1,1,17,0,0,0,0,5,0,0,0,0,0,0,7,0,0,0,0,1,1,0,0,0,0,0,2,0,4,0,8,1,5,0,3,18,6,0,0,0,0,0,4,0,0,2,10,0,0,0,0,2,0,0,1,0,0,1,3,8,0,0,3,2,0,0,0,10.925,1.2865384615384616
11221.0,976.0,119.5,0.0,0,0,12,0,0,0,0,3,0,0,1,0,1,0,2,6,0,11,0,0,10,0,0,0,0,2,0,0,0,0,0,0,0,0,0,0,0,1,0,0,0,1,0,0,0,2,0,0,1,0,4,0,0,5,1,0,0,0,0,0,2,0,1,0,9,0,0,0,0,0,0,0,0,0,0,0,1,6,0,0,4,1,0,2,0,10.96629213483146,1.3426966292134832
11222.0,1474.0,181.0,0.0,0,0,29,0,4,0,2,6,0,0,3,0,0,0,0,1,0,5,0,0,26,0,0,0,0,2,0,0,0,0,0,2,1,0,0,0,0,2,0,0,0,2,0,0,1,5,5,0,2,3,0,0,3,4,0,0,0,0,0,0,1,0,0,0,9,6,1,0,0,4,1,0,3,0,0,0,0,1,0,1,0,4,0,2,0,10.453900709219859,1.2836879432624113
11223.0,1400.0,164.33333333333334,0.0,0,0,13,0,1,0,2,2,0,0,0,0,0,0,0,5,0,13,0,0,9,0,0,0,0,6,3,0,0,0,0,0,0,0,0,0,0,1,0,0,0,0,0,0,0,2,1,18,2,0,2,0,4,9,5,0,0,0,0,0,2,0,0,1,7,0,0,6,0,2,0,0,3,0,0,1,1,0,0,0,2,0,2,0,1,11.11111111111111,1.3042328042328044
11224.0,844.5,85.5,5.0,0,0,9,0,1,0,1,0,0,0,0,0,0,0,1,3,0,4,0,0,2,0,0,0,0,2,0,0,0,0,0,0,2,0,0,0,0,2,0,2,0,0,0,0,0,1,0,0,3,0,1,0,2,0,0,0,0,0,0,0,3,0,1,0,8,0,0,1,0,1,0,0,2,0,0,0,0,2,0,0,1,0,0,0,0,15.354545454545455,1.5545454545454545
11225.0,1054.5,127.5,0.0,0,0,10,0,0,0,1,1,0,0,0,0,0,0,15,3,0,10,0,0,8,0,1,0,0,4,1,0,0,0,0,0,0,0,0,1,0,3,0,0,0,1,0,0,0,1,0,5,2,0,0,0,0,3,1,0,1,1,0,0,1,0,0,0,7,0,0,0,0,1,0,0,2,3,0,0,0,2,0,0,0,1,0,0,2,11.46195652173913,1.3858695652173914
11226.0,1677.0,185.5,0.0,0,2,12,0,1,0,1,3,0,0,0,0,0,0,38,10,0,15,0,0,7,0,5,0,0,8,0,0,0,0,0,0,1,0,0,0,0,6,0,0,0,0,1,0,0,0,3,0,2,0,2,0,0,4,0,0,0,0,0,0,2,0,1,0,12,0,0,0,0,3,0,0,3,0,0,0,0,3,0,0,2,2,0,1,4,10.88961038961039,1.2045454545454546
11228.0,455.0,55.0,0.0,0,0,7,0,1,0,0,3,0,0,0,0,0,0,0,2,0,7,0,0,2,0,0,0,0,2,0,0,0,0,0,0,1,0,0,0,1,0,0,0,0,0,0,0,0,3,0,0,1,0,0,0,0,1,1,0,0,0,0,0,0,0,0,1,5,0,0,0,1,1,2,0,0,0,0,0,0,0,1,0,0,0,0,0,0,10.581395348837209,1.2790697674418605
11229.0,1071.0,126.0,0.0,0,0,8,0,1,0,2,8,0,0,1,0,0,0,0,0,0,13,0,0,7,0,0,0,0,3,4,0,0,0,0,0,1,0,0,0,0,1,0,0,0,0,0,0,2,2,7,4,0,0,0,0,0,3,3,0,0,0,0,0,0,0,0,0,13,0,0,1,0,0,0,0,0,0,0,0,1,0,0,0,1,1,4,0,0,11.76923076923077,1.3846153846153846
11230.0,699.0,86.0,0.0,0,0,10,0,0,0,0,2,0,0,0,0,0,0,0,1,0,3,0,0,3,0,0,0,0,3,1,0,0,0,0,0,2,0,0,0,0,0,0,0,0,2,0,0,0,0,1,14,0,0,0,0,2,3,3,0,0,0,0,0,2,3,0,0,6,0,0,1,0,2,1,0,0,0,0,0,0,0,1,0,0,0,0,0,0,10.590909090909092,1.303030303030303
11231.0,1261.0,143.5,0.0,0,0,32,0,0,0,1,6,0,2,0,1,0,0,0,1,0,4,0,0,11,0,0,0,0,0,1,0,0,0,1,3,3,0,0,0,0,1,0,0,0,0,0,0,0,10,3,0,0,0,2,0,0,2,1,0,1,0,0,0,3,0,0,0,7,0,0,0,0,4,0,1,2,0,0,0,0,2,0,0,2,5,1,0,0,11.15929203539823,1.2699115044247788
11232.0,903.5,103.0,0.0,0,0,11,0,2,0,1,4,0,1,1,0,0,0,0,2,0,11,0,0,6,0,0,0,0,1,0,0,0,0,0,0,0,0,0,1,0,1,0,0,0,1,0,0,0,0,3,0,1,1,4,0,1,5,0,0,0,0,0,0,4,0,0,1,5,0,0,0,1,2,0,0,1,0,0,0,0,8,0,0,2,0,0,0,1,10.885542168674698,1.2409638554216869
11233.0,641.0,77.5,0.0,0,2,4,0,0,0,0,1,0,0,0,0,0,0,8,4,0,9,0,0,8,0,1,0,0,1,0,0,0,0,0,1,0,0,0,0,0,1,0,0,0,0,0,0,0,0,0,1,1,0,0,0,0,2,0,0,0,0,0,0,1,0,1,0,3,0,1,0,0,0,0,0,0,6,0,0,0,0,0,0,0,0,0,1,2,10.864406779661017,1.3135593220338984
11234.0,1137.0,146.5,0.0,0,0,22,0,1,0,4,6,0,0,0,0,0,0,6,4,0,13,0,1,4,0,3,0,0,6,0,0,0,0,0,0,8,0,0,0,1,5,0,0,0,0,0,0,0,4,2,1,2,0,0,0,1,1,0,0,0,0,0,0,1,0,1,0,10,0,0,0,0,2,0,0,1,0,0,0,1,0,0,0,3,0,0,0,0,9.973684210526315,1.2850877192982457
11235.0,1098.5,136.0,0.0,0,0,14,0,1,0,1,4,0,0,0,0,0,0,0,2,0,5,0,1,6,1,0,0,0,5,3,0,0,0,0,0,3,0,0,0,0,1,0,0,0,1,0,0,0,0,8,0,2,0,0,0,4,1,3,0,0,0,0,0,3,1,0,0,6,0,0,12,0,2,0,0,2,0,0,0,0,0,0,0,3,0,6,0,0,10.876237623762377,1.3465346534653466
11236.0,1255.5,125.5,0.0,0,1,7,0,0,0,1,2,0,0,0,0,0,0,30,6,0,18,0,0,2,0,1,0,0,2,0,0,0,0,0,0,0,0,1,0,0,3,0,0,0,0,0,0,0,0,0,0,4,0,1,0,0,0,0,0,0,0,0,0,0,0,0,0,5,0,0,0,0,2,1,0,2,0,0,0,0,1,0,0,2,0,0,1,0,13.5,1.3494623655913978
11237.0,2119.5,251.5,0.0,0,1,35,0,1,0,2,9,0,1,1,0,0,0,1,6,0,9,0,0,14,0,0,0,0,4,0,0,0,1,0,2,3,0,0,0,0,3,0,0,0,0,0,0,0,1,2,0,3,0,9,1,0,26,1,0,0,0,1,0,2,0,1,0,9,0,0,0,0,4,0,0,1,0,0,1,1,9,0,1,3,4,1,1,1,12.042613636363637,1.4289772727272727
11238.0,1654.5,206.0,0.0,0,4,44,0,1,0,1,3,0,0,1,0,0,0,5,3,0,6,0,0,18,0,0,0,0,2,0,0,0,1,0,1,2,0,0,0,0,1,0,0,0,2,0,0,0,7,3,0,2,2,1,0,2,8,1,0,0,0,0,0,2,0,0,0,7,0,0,0,0,3,0,0,1,2,0,0,2,0,0,0,5,4,0,2,2,10.956953642384105,1.3642384105960266
11239.0,122.0,11.5,0.0,0,0,3,0,0,0,0,0,0,0,0,0,0,0,2,1,0,1,0,0,0,0,0,0,0,3,0,0,0,0,0,0,0,0,0,0,0,1,0,0,0,0,0,0,0,1,0,0,0,0,0,0,0,0,0,0,0,0,0,0,0,0,0,0,2,0,0,0,0,0,0,0,1,0,0,0,0,0,1,0,0,0,0,0,0,7.625,0.71875
11241.0,11.0,1.0,0.0,0,0,0,0,0,0,0,0,0,0,0,0,0,0,0,0,0,0,0,0,1,0,0,0,0,0,0,0,0,0,0,0,0,0,0,0,0,0,0,0,0,0,0,0,0,0,0,0,0,0,0,0,0,0,0,0,0,0,0,0,0,0,0,0,0,0,0,0,0,0,0,0,0,0,0,0,0,0,0,0,0,0,0,0,0,11.0,1.0
11242.0,12.0,1.0,0.0,0,0,0,0,0,0,0,0,0,0,0,0,0,0,0,0,0,0,0,0,0,0,0,0,0,0,0,0,0,0,0,0,0,0,0,0,0,0,0,0,0,0,0,0,0,0,0,0,0,0,0,0,0,0,0,0,0,0,0,0,0,0,0,0,0,0,0,0,0,1,0,0,0,0,0,0,0,0,0,0,0,0,0,0,0,12.0,1.0
11249.0,1340.5,157.0,0.0,0,0,37,0,5,2,0,2,0,0,1,1,0,0,1,0,0,2,0,0,24,0,0,0,0,2,0,0,0,0,0,4,3,0,0,1,0,1,0,0,0,0,0,0,0,9,1,2,2,1,2,0,0,2,1,0,0,0,1,0,2,0,0,0,5,0,0,1,0,1,1,0,2,0,0,0,0,0,0,0,2,4,1,1,0,10.55511811023622,1.236220472440945
11354.0,2835.5,336.0,0.0,0,0,12,0,8,0,1,19,0,1,1,0,1,0,0,7,0,83,0,0,24,0,0,0,0,4,0,0,0,0,0,0,3,0,0,0,0,4,0,1,1,0,0,0,0,1,10,0,4,31,1,0,0,0,0,0,0,0,0,0,5,0,2,0,3,0,0,0,0,7,0,0,3,0,0,1,1,1,1,1,1,2,0,0,0,11.573469387755102,1.3714285714285714
11355.0,1554.5,193.5,0.0,0,0,4,0,6,0,0,14,0,1,1,0,0,0,0,0,0,48,0,1,6,0,0,0,0,3,0,0,0,0,0,0,0,0,0,0,0,0,0,0,0,2,0,0,1,0,0,0,1,11,3,0,0,1,0,0,0,0,0,0,0,0,0,0,4,0,0,0,0,1,1,0,0,0,0,0,0,0,0,0,0,0,0,0,2,14.004504504504505,1.7432432432432432
11356.0,278.0,31.0,0.0,0,0,6,0,1,0,0,1,0,0,0,0,0,0,0,2,0,3,0,0,1,0,0,0,0,2,0,0,0,0,0,0,0,0,0,0,0,0,0,0,0,0,0,0,0,0,0,0,1,1,0,0,0,1,0,0,0,0,0,0,0,0,0,0,4,0,0,0,0,2,0,0,0,0,0,0,0,1,0,0,0,0,0,0,0,10.692307692307692,1.1923076923076923
11357.0,504.0,60.0,0.0,0,0,7,0,1,0,1,2,0,0,0,0,0,0,0,0,0,7,0,1,3,0,0,0,0,2,0,0,0,0,0,0,3,0,0,0,1,1,0,0,0,0,0,0,0,7,1,0,1,1,0,0,2,0,0,0,0,0,0,0,0,0,0,0,3,0,0,0,0,4,0,0,0,0,0,0,0,1,0,0,0,0,0,0,0,10.285714285714286,1.2244897959183674
11358.0,897.0,96.0,0.0,0,0,6,0,3,0,1,4,0,0,0,0,0,0,0,3,0,5,0,2,8,0,0,0,0,2,0,0,0,0,0,0,2,0,0,0,1,0,0,0,0,0,0,0,1,0,7,0,3,20,2,0,0,0,0,0,0,0,0,0,0,0,0,0,4,0,0,0,0,0,0,0,0,0,0,0,1,1,0,0,1,0,0,0,0,11.64935064935065,1.2467532467532467
11360.0,105.0,13.0,0.0,0,0,4,0,0,0,1,0,0,0,0,0,0,0,0,0,0,0,0,0,1,0,0,0,0,1,0,0,0,0,0,0,0,0,0,0,0,1,0,0,0,0,0,0,0,0,0,1,0,0,0,0,0,0,0,0,0,0,0,0,0,0,0,0,1,0,0,0,0,0,0,0,0,0,0,0,0,0,1,0,0,0,0,0,0,9.545454545454545,1.1818181818181819
11361.0,852.0,108.5,0.0,0,0,11,0,3,0,2,4,0,0,0,0,0,0,0,1,0,10,0,0,7,0,0,0,0,3,0,0,0,0,0,0,0,0,0,0,1,4,0,0,0,1,0,0,2,2,4,0,0,7,3,0,1,2,0,0,0,0,0,0,2,0,0,0,4,0,0,0,0,2,1,0,0,0,0,0,2,0,1,0,1,2,0,0,0,10.265060240963855,1.3072289156626506
11362.0,396.0,44.0,0.0,0,0,4,0,1,0,1,3,0,0,0,0,0,0,0,2,0,3,0,0,2,0,0,0,0,2,0,0,0,0,0,0,1,0,0,0,0,2,0,0,0,0,0,0,0,1,1,0,0,2,0,0,0,1,0,0,0,0,0,0,0,0,0,1,3,0,0,0,0,0,0,0,0,0,0,0,0,0,0,0,1,0,1,0,0,12.375,1.375
11363.0,88.0,10.0,0.0,0,0,0,0,0,0,0,0,0,0,0,0,0,0,0,0,0,0,0,0,1,0,0,0,0,0,0,0,0,0,0,0,0,0,0,0,0,0,0,0,0,0,0,0,0,1,0,0,0,0,0,0,0,0,0,0,0,0,0,0,0,0,0,0,2,0,0,0,0,1,0,0,0,0,0,0,0,0,0,0,0,0,0,0,0,17.6,2.0
11364.0,479.0,58.5,0.0,0,0,3,0,1,0,2,2,0,0,0,0,0,0,0,0,0,6,0,0,2,0,0,1,0,2,0,0,0,0,0,0,0,0,0,0,1,1,0,0,0,0,0,0,0,0,4,0,0,4,0,0,0,1,0,0,0,0,0,0,0,0,0,0,3,0,0,0,0,2,0,0,0,0,0,0,0,1,0,0,0,0,0,0,0,13.305555555555555,1.625
11365.0,511.0,56.5,0.0,2,0,9,0,2,0,1,3,0,0,0,0,0,0,0,0,0,3,0,0,4,0,0,0,0,1,0,0,0,0,0,0,1,0,0,0,1,1,1,0,0,0,0,0,1,0,2,0,0,0,0,0,0,1,1,0,0,0,0,0,1,0,0,0,3,0,0,0,0,2,0,0,0,0,0,0,0,0,0,0,1,0,1,0,0,12.166666666666666,1.3452380952380953
11366.0,401.0,45.5,0.0,0,0,3,0,1,0,0,0,0,0,0,0,1,0,0,0,0,4,0,0,0,0,0,0,0,2,0,0,0,0,1,0,1,0,0,0,0,1,0,0,0,0,0,0,0,0,2,5,3,0,0,0,0,0,0,0,0,0,0,0,1,0,0,0,5,0,0,0,0,1,0,0,0,0,0,0,0,1,0,0,0,0,0,0,0,12.53125,1.421875
11367.0,227.0,30.0,0.0,1,0,0,0,0,0,0,0,0,0,0,0,0,0,0,1,0,2,0,0,0,0,0,0,0,2,0,0,0,0,0,0,0,0,0,0,0,1,0,0,0,0,0,0,0,0,1,8,0,0,0,0,1,0,0,0,0,0,0,0,0,0,0,0,5,0,0,0,1,0,0,0,0,0,0,0,0,0,0,0,0,0,0,0,0,9.869565217391305,1.3043478260869565
11368.0,1913.0,217.0,0.0,0,0,8,0,0,0,0,6,0,0,0,1,0,0,0,2,1,9,0,0,1,0,0,0,0,4,0,0,0,0,0,1,1,0,0,0,0,5,0,0,0,0,0,0,0,1,1,0,8,0,35,0,0,17,0,0,0,0,0,0,3,0,0,3,9,0,0,0,0,2,0,0,0,0,0,0,0,23,0,0,4,0,0,0,0,13.193103448275862,1.4965517241379311
11369.0,419.0,44.0,0.0,0,0,14,0,0,0,0,3,0,0,1,0,0,0,2,0,0,3,0,0,2,1,0,0,0,3,0,0,0,0,0,0,1,0,0,1,0,1,0,0,0,0,0,0,0,0,0,0,3,0,4,0,0,0,0,0,0,0,0,0,0,0,0,1,3,0,0,0,0,2,0,0,1,0,0,0,0,4,0,0,0,0,0,0,0,8.38,0.88
11370.0,138.0,17.0,0.0,0,0,4,0,0,0,0,0,0,0,0,0,0,0,0,0,0,3,0,0,0,0,0,0,0,1,0,0,0,0,0,0,0,0,0,0,2,0,0,0,0,1,0,0,0,1,0,0,0,0,0,0,0,0,0,0,0,0,0,0,1,0,0,0,1,0,0,0,0,1,0,0,0,0,0,0,0,0,0,0,0,0,0,0,0,9.2,1.1333333333333333
11371.0,12.0,1.0,0.0,0,0,0,0,0,0,0,0,0,0,0,0,0,0,0,0,0,0,0,0,0,0,0,0,0,0,0,0,0,0,0,0,0,0,0,0,0,0,0,0,0,0,0,0,0,0,0,0,0,0,0,0,0,0,0,0,0,0,0,0,0,0,0,0,1,0,0,0,0,0,0,0,0,0,0,0,0,0,0,0,0,0,0,0,0,12.0,1.0
11372.0,2302.5,265.0,0.0,0,0,15,0,4,0,1,26,5,0,2,1,0,0,0,2,0,7,0,1,6,0,0,0,0,4,0,0,0,0,0,0,2,0,0,0,0,2,0,0,0,5,0,0,0,1,3,0,4,1,36,0,0,7,0,0,0,0,1,0,0,3,1,6,8,0,0,0,0,1,0,0,2,0,0,0,0,15,0,0,6,3,0,0,0,12.720994475138122,1.4640883977900552
11373.0,2116.5,251.5,0.0,0,0,12,0,9,0,1,19,0,0,2,0,0,0,0,4,0,26,0,1,15,0,0,0,0,3,0,0,0,0,1,0,4,0,0,0,0,5,1,0,0,0,1,0,1,2,4,0,1,0,10,0,0,3,0,0,0,0,0,0,4,0,0,1,6,0,0,0,0,3,0,0,0,0,0,1,3,4,0,0,4,13,0,0,0,12.90548780487805,1.5335365853658536
11374.0,534.5,56.0,0.0,0,0,6,0,0,0,0,1,0,0,0,0,0,0,0,1,0,4,0,1,2,0,0,0,0,2,1,0,0,0,0,0,0,0,0,0,0,2,0,0,0,3,0,0,0,1,2,5,1,0,3,0,1,1,0,0,0,0,0,0,1,0,0,0,5,0,0,2,0,2,0,1,2,0,0,0,0,0,0,0,2,0,1,0,0,10.084905660377359,1.0566037735849056
11375.0,1440.0,161.5,0.0,0,0,22,0,2,0,3,9,0,1,0,0,0,0,0,1,0,13,1,0,9,0,0,0,0,4,0,0,0,0,0,0,3,0,0,1,2,4,1,0,0,1,0,0,0,6,10,5,2,1,1,0,2,4,1,0,0,0,0,0,2,0,0,2,6,0,0,0,0,3,0,0,0,0,0,0,0,2,0,0,3,2,0,0,0,11.162790697674419,1.251937984496124
11377.0,1599.0,185.5,0.0,0,0,18,0,5,0,0,7,2,0,1,0,0,0,0,2,0,11,0,0,4,0,0,0,0,3,1,0,0,0,9,0,2,0,0,0,0,3,0,0,0,1,0,0,6,2,2,0,2,1,12,0,0,10,0,0,0,0,1,0,2,0,0,2,5,0,0,0,0,4,1,0,0,0,0,0,0,4,0,1,2,5,0,0,0,12.206106870229007,1.416030534351145
11378.0,662.0,80.0,0.0,0,0,14,0,0,0,0,3,0,0,0,0,0,0,0,0,0,8,0,0,1,1,0,0,0,1,0,0,0,0,0,0,2,0,0,0,0,1,0,0,0,1,0,0,2,1,2,0,1,0,4,0,0,2,0,0,0,0,0,0,0,0,0,2,6,2,0,0,0,1,0,0,0,0,0,0,0,0,0,0,0,0,0,0,0,12.036363636363637,1.4545454545454546
11379.0,343.0,45.0,0.0,0,0,7,0,1,0,1,2,0,0,0,0,0,0,0,0,0,2,0,0,1,0,0,0,0,2,0,0,0,0,0,0,2,0,0,0,0,0,0,0,0,0,0,0,0,0,2,0,0,0,1,0,0,2,0,0,0,0,0,0,0,0,0,0,4,0,0,0,0,2,0,0,0,0,0,0,0,1,0,0,1,1,0,0,0,10.71875,1.40625
11385.0,2027.0,234.5,0.0,0,0,39,0,2,0,4,7,0,0,0,0,0,0,0,3,0,13,0,0,19,0,0,0,0,7,1,0,0,0,0,1,4,0,0,2,1,6,0,0,0,0,0,0,2,4,5,0,5,1,8,0,3,10,2,0,0,0,0,0,2,0,0,0,22,1,0,0,0,3,2,0,0,0,0,0,0,13,0,0,2,2,0,0,1,10.289340101522843,1.1903553299492386
11411.0,184.5,17.5,0.0,0,0,1,0,0,0,0,1,0,0,0,0,0,0,5,0,0,3,0,0,0,0,0,0,0,1,0,0,0,0,0,0,0,0,0,0,0,1,0,0,0,0,0,0,0,0,0,0,1,0,0,0,0,0,0,0,0,0,0,0,0,0,0,0,0,0,0,0,0,0,0,0,0,0,0,0,0,0,0,0,0,0,0,0,0,14.192307692307692,1.3461538461538463
11412.0,351.0,36.5,0.0,0,0,3,0,0,0,0,0,0,0,0,0,0,0,11,2,0,5,0,0,0,0,0,0,0,1,0,0,0,0,0,0,0,0,0,0,0,1,0,0,0,0,0,0,0,0,0,0,1,0,0,0,1,0,0,0,0,0,0,0,0,0,0,0,2,0,0,0,0,0,0,0,2,0,0,0,0,0,0,0,0,0,0,0,0,12.10344827586207,1.2586206896551724
11413.0,375.0,35.0,0.0,0,0,1,0,0,0,0,1,0,0,0,0,0,0,16,1,0,1,0,0,0,0,0,0,0,2,0,0,0,0,0,0,1,0,0,0,0,2,0,0,0,0,0,0,0,0,0,0,1,0,0,0,0,0,0,0,0,0,0,0,2,0,1,0,1,0,0,0,0,1,1,0,1,0,0,0,0,0,0,0,1,0,0,0,1,10.714285714285714,1.0
11414.0,447.0,51.0,0.0,0,0,4,0,0,0,2,1,0,0,0,0,0,0,0,1,0,4,0,0,1,0,0,0,0,3,0,0,0,0,0,0,3,0,0,0,0,2,1,0,0,0,0,0,0,4,4,0,3,0,0,0,0,1,0,0,0,0,0,0,0,0,0,0,2,0,0,0,0,1,0,0,1,0,0,0,0,1,0,0,1,0,0,0,0,11.175,1.275
11415.0,316.5,45.5,0.0,0,0,5,0,0,0,1,1,0,0,0,0,0,0,0,1,0,2,0,0,1,0,0,0,0,2,0,0,0,0,0,0,0,0,0,0,0,0,0,0,0,2,0,0,0,1,1,0,1,0,1,0,1,1,1,0,0,0,0,0,0,0,0,0,3,0,0,0,0,1,0,0,0,0,0,0,0,0,0,0,1,1,0,0,0,11.303571428571429,1.625
11416.0,408.0,48.0,0.0,0,0,2,0,0,0,0,1,1,0,0,0,0,0,2,4,0,4,0,0,2,0,0,0,0,0,0,0,0,0,0,0,1,0,0,0,0,2,0,0,0,3,0,0,0,0,0,0,1,0,1,0,0,1,0,0,0,0,0,0,1,0,0,2,7,0,0,0,0,0,0,0,0,0,0,0,0,1,0,0,0,0,0,0,0,11.333333333333334,1.3333333333333333
11417.0,645.5,72.0,0.0,0,0,8,0,0,0,0,5,0,0,0,0,0,0,8,3,0,10,0,0,1,0,0,0,0,3,0,0,0,0,0,0,1,0,0,0,0,1,0,0,0,0,0,0,0,1,0,0,0,0,0,0,0,3,1,0,0,0,0,0,0,0,1,2,4,0,0,0,0,3,0,0,1,0,0,0,0,3,0,0,0,0,0,0,0,10.940677966101696,1.2203389830508475
11418.0,640.0,75.0,0.0,0,0,4,0,0,0,0,4,1,0,1,0,0,0,6,1,0,8,0,0,3,0,0,0,0,3,0,0,0,0,0,0,0,0,0,0,0,0,0,0,0,1,0,0,0,1,1,1,0,0,6,0,0,3,0,0,0,0,0,0,0,0,0,1,4,0,0,0,0,4,0,0,1,0,0,0,0,1,0,0,0,0,0,0,0,11.636363636363637,1.3636363636363635
11419.0,697.5,101.5,0.0,0,0,5,0,0,0,0,2,0,0,1,0,0,0,20,3,0,8,0,0,0,0,0,0,0,3,0,0,0,0,0,1,0,0,0,0,0,3,0,0,0,8,0,0,0,1,0,0,0,0,2,0,0,0,1,0,0,0,0,0,0,1,0,0,1,0,0,0,0,1,0,0,0,0,0,0,0,0,0,0,1,0,0,0,1,11.071428571428571,1.6111111111111112
11420.0,601.0,70.5,0.0,0,0,7,0,0,0,0,1,0,0,3,0,0,0,15,2,0,5,0,1,0,0,0,0,0,2,0,0,0,0,0,0,0,0,0,0,0,0,0,0,0,4,0,0,0,1,0,0,0,0,0,0,0,0,1,0,0,0,0,0,0,0,0,0,3,0,0,0,0,1,0,0,0,0,0,0,0,3,0,0,0,0,0,0,0,12.26530612244898,1.4387755102040816
11421.0,636.5,71.5,0.0,0,0,5,0,1,0,1,3,0,0,0,0,0,0,0,3,0,7,0,0,0,0,0,0,0,1,0,0,0,0,0,0,0,0,0,0,0,1,0,0,0,0,0,0,0,0,1,0,2,0,7,0,0,5,0,0,0,0,0,0,0,0,0,1,7,0,0,0,0,2,0,0,0,0,0,0,0,7,0,0,1,0,0,0,0,11.572727272727272,1.3
11422.0,284.5,28.0,0.0,0,0,4,0,0,0,0,0,0,0,0,0,0,0,10,2,0,1,0,0,0,0,0,0,0,2,0,0,0,0,0,0,0,0,0,0,0,2,0,0,0,0,0,0,0,0,0,0,1,0,1,0,0,0,1,0,0,0,0,0,0,0,1,0,1,0,0,0,0,1,0,0,1,1,0,0,0,0,0,0,0,0,0,0,0,9.810344827586206,0.9655172413793104
11423.0,317.0,32.0,0.0,0,0,0,0,0,0,1,1,0,0,1,0,0,0,3,3,0,3,0,0,0,0,0,0,0,3,0,0,0,0,0,0,0,0,0,0,0,2,0,0,0,0,0,0,0,0,1,0,0,0,0,0,0,1,0,0,0,0,0,0,0,0,0,0,1,0,0,0,0,2,0,0,0,0,0,0,0,1,0,0,0,0,0,0,0,13.782608695652174,1.391304347826087
11426.0,172.5,20.5,0.0,0,0,0,0,0,0,0,0,0,0,0,0,0,0,0,0,0,0,0,0,1,0,0,0,0,1,0,0,0,0,0,0,0,0,1,0,0,0,0,0,0,3,0,0,0,0,0,0,1,0,0,0,0,0,0,0,0,0,0,0,0,0,0,0,1,0,0,0,0,3,0,0,0,0,0,0,0,1,0,0,1,0,0,0,1,12.321428571428571,1.4642857142857142
11427.0,108.0,10.5,0.0,0,0,3,0,0,0,0,0,0,0,0,0,0,0,0,1,0,1,0,0,0,0,0,0,0,1,0,0,0,0,0,0,0,0,0,0,0,2,0,0,0,0,0,0,0,1,0,0,0,0,1,0,0,0,0,0,0,0,0,0,0,0,0,0,2,0,1,0,0,0,0,0,0,0,0,0,0,0,0,0,0,0,0,0,0,8.307692307692308,0.8076923076923077
11428.0,341.5,33.333333333333336,0.0,0,0,2,0,0,0,0,1,0,0,0,0,0,0,7,2,0,3,0,0,0,0,1,0,0,2,0,0,0,0,1,0,0,0,0,0,0,0,0,0,0,0,0,0,0,0,0,0,0,0,2,0,0,0,0,0,0,0,0,0,0,0,0,0,2,0,1,0,0,0,0,0,0,0,0,0,0,2,0,0,1,0,0,0,0,12.648148148148149,1.234567901234568
11429.0,243.0,25.0,0.0,0,0,2,0,0,0,0,1,0,0,0,0,0,0,6,1,0,5,0,0,1,0,1,0,0,1,0,0,0,0,0,0,0,0,0,0,0,1,0,0,0,0,0,0,0,0,0,0,2,0,0,0,0,0,0,0,0,0,0,0,0,0,0,0,2,0,0,0,0,0,0,0,0,0,0,0,0,0,0,0,0,0,0,0,0,10.565217391304348,1.0869565217391304
11430.0,373.0,37.0,0.0,0,0,20,0,1,0,0,2,0,0,0,0,0,0,0,1,0,0,0,0,4,0,0,0,0,4,0,0,0,0,0,1,0,0,0,0,0,3,0,0,0,0,0,0,0,0,1,0,0,0,0,0,0,1,0,0,0,0,0,0,0,0,0,0,1,0,0,0,0,3,5,0,0,0,0,0,0,0,0,0,0,0,0,0,0,7.9361702127659575,0.7872340425531915
11432.0,1286.5,154.5,0.0,0,0,17,0,3,0,0,0,4,0,0,0,0,0,10,8,0,11,0,0,3,0,0,0,0,7,0,0,0,0,1,0,0,0,0,0,0,6,0,0,0,8,0,0,0,0,2,0,3,0,7,0,0,4,0,0,0,0,0,0,5,0,1,1,3,0,0,0,0,2,0,0,2,1,0,0,0,5,0,0,2,1,0,0,1,10.902542372881356,1.3093220338983051
11433.0,143.0,15.5,0.0,0,0,0,0,0,0,0,0,0,0,0,0,0,0,3,2,0,1,0,0,1,0,0,0,0,1,0,0,0,0,0,0,0,0,0,0,0,0,0,0,0,0,0,0,0,0,0,0,1,0,1,0,0,0,0,0,0,0,0,0,1,0,0,0,3,0,0,0,0,0,0,0,0,0,0,0,0,0,0,0,1,0,0,0,0,9.533333333333333,1.0333333333333334
11434.0,823.0,87.0,0.0,0,3,5,0,0,0,0,1,0,0,0,0,0,0,15,5,0,8,0,0,0,0,0,0,0,3,0,0,0,0,0,0,1,0,0,0,0,5,0,0,0,0,0,0,0,0,0,0,1,0,0,0,0,0,0,0,0,0,0,0,3,0,0,0,3,0,0,0,0,4,0,0,0,1,0,0,0,0,0,0,0,0,0,0,0,14.189655172413794,1.5
11435.0,980.1666666666666,115.16666666666667,0.0,0,1,7,0,0,0,0,1,0,0,1,0,0,0,6,5,0,8,0,0,3,1,0,0,0,5,0,0,0,0,0,0,0,0,0,0,0,2,0,0,0,1,0,0,0,0,1,1,0,0,11,0,0,5,0,0,0,0,0,0,3,0,0,1,3,0,3,0,0,3,0,0,0,0,0,0,0,9,0,0,2,0,0,0,0,11.809236947791165,1.387550200803213
11436.0,213.0,19.0,0.0,0,0,5,0,0,0,0,0,0,0,0,0,0,0,3,1,0,2,0,0,0,0,0,0,0,2,0,0,0,0,0,0,0,0,0,0,0,1,0,0,0,0,0,0,0,0,0,0,0,0,0,0,0,0,0,0,0,0,0,0,3,0,0,0,1,0,0,0,0,0,0,0,0,0,0,0,0,0,0,0,1,0,0,0,0,11.210526315789474,1.0
11691.0,375.0,38.5,0.0,0,0,0,0,0,0,0,0,0,0,0,0,0,0,5,5,0,3,0,0,1,0,0,0,0,1,0,0,0,0,0,0,0,0,0,0,0,1,0,0,0,0,0,0,0,0,0,0,0,0,3,0,0,1,0,0,0,0,0,0,0,0,0,0,5,0,0,0,0,1,0,0,1,0,0,0,0,3,0,0,2,0,0,0,0,11.71875,1.203125
11692.0,75.0,8.0,0.0,0,0,0,0,1,0,0,0,0,0,0,0,0,0,0,0,0,0,0,0,1,0,0,0,0,1,0,0,0,0,0,0,0,0,0,0,0,0,0,0,0,0,0,0,0,0,0,0,0,0,0,0,0,1,1,0,0,0,0,0,0,0,0,0,1,0,0,0,0,1,0,0,0,0,0,0,0,0,0,0,0,0,0,0,0,10.714285714285714,1.1428571428571428
11693.0,161.0,21.0,0.0,0,0,6,0,0,0,0,1,0,0,0,0,0,0,1,0,0,0,0,0,1,0,0,0,0,1,0,0,0,0,0,0,1,0,0,0,0,0,0,0,0,0,0,0,0,0,1,0,0,0,1,0,1,0,0,0,0,0,0,0,0,0,0,0,2,0,0,0,0,0,0,0,0,0,0,0,0,0,0,0,0,1,0,0,0,9.470588235294118,1.2352941176470589
11694.0,242.0,25.0,0.0,0,0,7,0,0,0,3,1,0,0,0,1,0,0,0,0,0,3,0,0,0,0,0,0,0,1,0,0,0,0,0,1,1,0,0,0,0,0,0,0,0,0,0,0,0,2,1,0,1,0,1,0,0,0,0,0,0,0,0,0,1,0,0,0,1,0,0,0,0,1,0,0,0,0,0,0,0,0,0,0,0,0,0,0,0,9.307692307692308,0.9615384615384616
